Site,Device,MAC,Type,Date,Start Time,Stop Time,Timestamp,Value
Site 1,Andersen_2nd__Floor__C226_All_Gender,B0-B3-53-D1-76-26,Smoking,4/16/2025,,2:04:45 PM,0,-15.39
Site 1,Andersen_2nd__Floor__C226_All_Gender,B0-B3-53-D1-76-26,Vape,4/16/2025,,2:05:19 PM,0,33.7
Site 1,Andersen_2nd__Floor__C226_All_Gender,B0-B3-53-D1-76-26,Vape,1/31/2025,2:06:00 PM,2:06:30 PM,1738353960,224.24
Site 1,Andersen_2nd__Floor__C226_All_Gender,B0-B3-53-D1-76-26,Vape,1/31/2025,2:22:50 PM,2:23:20 PM,1738354970,213.52
Site 1,Andersen_2nd__Floor__C226_All_Gender,B0-B3-53-D1-76-26,Smoking,1/31/2025,2:23:15 PM,2:23:45 PM,1738354995,-48.81
Site 1,Andersen_2nd__Floor__C226_All_Gender,B0-B3-53-D1-76-26,Masking,1/31/2025,7:36:55 PM,7:37:25 PM,1738373815,278.44
Site 1,Andersen_2nd__Floor__C226_All_Gender,B0-B3-53-D1-76-26,Vape,2/03/2025,12:50:24 PM,12:50:54 PM,1738608624,149.31
Site 1,Andersen_2nd__Floor__C226_All_Gender,B0-B3-53-D1-76-26,Masking,2/03/2025,12:52:07 PM,12:52:37 PM,1738608727,2076.15
Site 1,Andersen_2nd__Floor__C226_All_Gender,B0-B3-53-D1-76-26,Masking,2/03/2025,12:52:49 PM,12:55:58 PM,1738608769,12403.52
Site 1,Andersen_2nd__Floor__C226_All_Gender,B0-B3-53-D1-76-26,Smoking,2/03/2025,1:17:11 PM,1:17:41 PM,1738610231,-588.77
Site 1,Andersen_2nd__Floor__C226_All_Gender,B0-B3-53-D1-76-26,Vape,2/03/2025,1:19:48 PM,1:20:18 PM,1738610388,69.57
Site 1,Andersen_2nd__Floor__C226_All_Gender,B0-B3-53-D1-76-26,Vape,2/03/2025,3:50:09 PM,3:50:39 PM,1738619409,60.29
Site 1,Andersen_2nd__Floor__C226_All_Gender,B0-B3-53-D1-76-26,Vape,2/03/2025,3:51:18 PM,3:51:48 PM,1738619478,42.65
Site 1,Andersen_2nd__Floor__C226_All_Gender,B0-B3-53-D1-76-26,Vape,2/03/2025,3:55:25 PM,3:55:55 PM,1738619725,53.67
Site 1,Andersen_2nd_Floor_Boys_D223_SE_Round,B0-B3-53-D1-29-53,Vape,2/04/2025,11:03:27 AM,11:03:57 AM,1738688607,154.69
Site 1,Andersen_2nd_Floor_Boys_D223_SE_Round,B0-B3-53-D1-29-53,Vape,2/04/2025,11:04:02 AM,11:04:32 AM,1738688642,196.18
Site 1,Andersen_2nd_Floor_Boys_D223_SE_Round,B0-B3-53-D1-29-53,Vape,2/04/2025,1:21:12 PM,1:21:42 PM,1738696872,311.03
Site 1,Andersen_2nd_Floor_Boys_D223_SE_Round,B0-B3-53-D1-29-53,Smoking,2/04/2025,1:21:39 PM,1:22:09 PM,1738696899,-58.5
Site 1,Andersen_2nd_Floor_D201_Boys_SW_Round,B0-B3-53-D1-76-1D,Vape,2/04/2025,8:42:52 AM,8:43:22 AM,1738680172,537.37
Site 1,Andersen_2nd_Floor_D201_Boys_SW_Round,B0-B3-53-D1-76-1D,Vape,2/04/2025,8:43:51 AM,8:44:24 AM,1738680231,51.79
Site 1,Andersen_2nd_Floor_D201_Boys_SW_Round,B0-B3-53-D1-76-1D,Smoking,2/04/2025,8:44:23 AM,8:44:53 AM,1738680263,37.27
Site 1,Andersen_2nd_Floor_D201_Boys_SW_Round,B0-B3-53-D1-76-1D,Vape,2/04/2025,8:45:23 AM,8:45:53 AM,1738680323,74.14
Site 1,Andersen_2nd_Floor_D201_Boys_SW_Round,B0-B3-53-D1-76-1D,Smoking,2/04/2025,8:45:58 AM,8:46:28 AM,1738680358,-67.73
Site 1,Andersen_2nd_Floor_D201_Boys_SW_Round,B0-B3-53-D1-76-1D,Vape,2/04/2025,8:48:03 AM,8:48:33 AM,1738680483,52.15
Site 1,Andersen_2nd_Floor_D201_Boys_SW_Round,B0-B3-53-D1-76-1D,Vape,2/04/2025,9:03:34 AM,9:04:04 AM,1738681414,35.38
Site 1,Andersen_2nd_Floor_D201_Boys_SW_Round,B0-B3-53-D1-76-1D,Smoking,2/04/2025,9:04:19 AM,9:04:49 AM,1738681459,-41.68
Site 1,Andersen_2nd_Floor_D201_Boys_SW_Round,B0-B3-53-D1-76-1D,Vape,2/04/2025,9:11:29 AM,9:11:59 AM,1738681889,138.63
Site 1,Andersen_2nd_Floor_D201_Boys_SW_Round,B0-B3-53-D1-76-1D,Smoking,2/04/2025,9:12:00 AM,9:12:30 AM,1738681920,-131.74
Site 1,Andersen_2nd_Floor_D201_Boys_SW_Round,B0-B3-53-D1-76-1D,Vape,2/04/2025,10:05:56 AM,10:06:26 AM,1738685156,46.91
Site 1,Andersen_2nd_Floor_D201_Boys_SW_Round,B0-B3-53-D1-76-1D,Vape,2/04/2025,10:10:35 AM,10:11:05 AM,1738685435,232.3
Site 1,Andersen_2nd_Floor_Girls_D221_SE_Round,B0-B3-53-D1-76-8F,Vape,2/04/2025,11:04:22 AM,11:05:22 AM,1738688662,75.1
Site 1,Anwatin_Boys_407_#2,B0-B3-53-D1-29-5B,Vape,2/04/2025,1:57:49 PM,1:58:19 PM,1738699069,35.78
Site 1,Anwatin_Girls_209_#2,B0-B3-53-D1-29-3B,Masking,2/03/2025,8:48:40 AM,8:49:10 AM,1738594120,60.58
Site 1,Anwatin_Girls_209_#2,B0-B3-53-D1-29-3B,Vape,2/03/2025,9:33:07 AM,9:33:38 AM,1738596787,50.19
Site 1,Anwatin_Girls_209_#2,B0-B3-53-D1-29-3B,Vape,2/03/2025,9:34:25 AM,9:34:59 AM,1738596865,65.23
Site 1,Anwatin_Girls_209_#2,B0-B3-53-D1-29-3B,Masking,2/04/2025,9:37:01 AM,9:38:07 AM,1738683421,52.65
Site 1,Anwatin_Girls_209_#2,B0-B3-53-D1-29-3B,Vape,2/04/2025,10:40:06 AM,10:40:36 AM,1738687206,35.49
Site 1,Anwatin_Girls_418_#1,B0-B3-53-D1-76-22,Vape,2/03/2025,9:42:01 AM,9:42:35 AM,1738597321,64.99
Site 1,Anwatin_Girls_418_#1,B0-B3-53-D1-76-22,Vape,2/03/2025,9:43:03 AM,9:43:33 AM,1738597383,82.4
Site 1,Anwatin_Girls_418_#1,B0-B3-53-D1-76-22,Masking,2/03/2025,10:28:53 AM,10:29:23 AM,1738600133,52.65
Site 1,Anwatin_Girls_418_#2,B0-B3-53-D1-76-CE,Vape,2/03/2025,9:42:44 AM,9:43:14 AM,1738597364,49.51
Site 1,Anwatin_Girls_418_#2,B0-B3-53-D1-76-CE,Vape,2/03/2025,9:43:25 AM,9:43:55 AM,1738597405,38.5
Site 1,Anwatin_Girls_418_#2,B0-B3-53-D1-76-CE,Vape,2/03/2025,12:46:25 PM,12:46:55 PM,1738608385,51.74
Site 1,Anwatin_Girls_418_#2,B0-B3-53-D1-76-CE,Vape,2/03/2025,2:47:27 PM,2:48:11 PM,1738615647,123.03
Site 1,Anwatin_Girls_418_#2,B0-B3-53-D1-76-CE,Vape,2/04/2025,1:08:00 PM,1:08:30 PM,1738696080,40.41
Site 1,Henry_1st_floor_stair_1_NW_Boys_restrooms,B0-B3-53-D1-76-78,Vape,2/04/2025,8:53:40 AM,8:54:10 AM,1738680820,72.21
Site 1,Henry_1st_floor_stair_1_NW_Boys_restrooms,B0-B3-53-D1-76-78,Vape,2/04/2025,8:56:19 AM,8:56:49 AM,1738680979,49.9
Site 1,Henry_1st_floor_stair_1_NW_Boys_restrooms,B0-B3-53-D1-76-78,Vape,2/04/2025,8:58:59 AM,8:59:29 AM,1738681139,52.65
Site 1,Henry_1st_floor_stair_1_NW_Boys_restrooms,B0-B3-53-D1-76-78,Vape,2/04/2025,9:23:28 AM,9:23:58 AM,1738682608,139.84
Site 1,Henry_1st_floor_stair_1_NW_Boys_restrooms,B0-B3-53-D1-76-78,Vape,2/04/2025,9:24:15 AM,9:24:49 AM,1738682655,104.29
Site 1,Henry_1st_floor_stair_1_NW_Boys_restrooms,B0-B3-53-D1-76-78,Smoking,2/04/2025,9:24:57 AM,9:25:27 AM,1738682697,-126.83
Site 1,Henry_1st_floor_stair_1_NW_Boys_restrooms,B0-B3-53-D1-76-78,Vape,2/04/2025,9:25:24 AM,9:26:05 AM,1738682724,441.01
Site 1,Henry_1st_floor_stair_1_NW_Boys_restrooms,B0-B3-53-D1-76-78,Smoking,2/04/2025,9:25:50 AM,9:26:20 AM,1738682750,197.94
Site 1,Henry_1st_floor_stair_1_NW_Boys_restrooms,B0-B3-53-D1-76-78,Vape,2/04/2025,9:27:08 AM,9:27:38 AM,1738682828,86.95
Site 1,Henry_1st_floor_stair_1_NW_Boys_restrooms,B0-B3-53-D1-76-78,Vape,2/04/2025,10:21:15 AM,10:21:45 AM,1738686075,52.4
Site 1,Henry_1st_floor_stair_1_NW_Boys_restrooms,B0-B3-53-D1-76-78,Vape,2/04/2025,11:02:54 AM,11:03:24 AM,1738688574,89.45
Site 1,Henry_1st_floor_stair_1_NW_Boys_restrooms,B0-B3-53-D1-76-78,Vape,2/04/2025,1:25:40 PM,1:26:10 PM,1738697140,412.57
Site 1,Henry_1st_floor_stair_1_NW_Boys_restrooms,B0-B3-53-D1-76-78,Smoking,2/04/2025,1:26:05 PM,1:26:35 PM,1738697165,85.18
Site 1,Henry_1st_floor_stair_1_NW_Boys_restrooms,B0-B3-53-D1-76-78,Vape,2/04/2025,1:26:15 PM,1:26:45 PM,1738697175,118.94
Site 1,Henry_1st_floor_stair_1_NW_Boys_restrooms,B0-B3-53-D1-76-78,Vape,2/04/2025,2:21:21 PM,2:21:51 PM,1738700481,58.37
Site 1,Henry_1st_floor_stair_1_NW_Boys_restrooms,B0-B3-53-D1-76-78,Vape,2/04/2025,3:20:22 PM,3:20:52 PM,1738704022,144.21
Site 1,Henry_1st_Floor_Stair_12_NE_Girls_Restrooms,B0-B3-53-D1-76-BC,Vape,1/31/2025,3:33:52 PM,3:34:22 PM,1738359232,72.89
Site 1,Henry_1st_Floor_Stair_12_NE_Girls_Restrooms,B0-B3-53-D1-76-BC,Vape,2/03/2025,8:57:46 AM,8:58:16 AM,1738594666,220.54
Site 1,Henry_1st_Floor_Stair_12_NE_Girls_Restrooms,B0-B3-53-D1-76-BC,Vape,2/03/2025,8:58:52 AM,8:59:22 AM,1738594732,209.55
Site 1,Henry_1st_Floor_Stair_12_NE_Girls_Restrooms,B0-B3-53-D1-76-BC,Vape,2/03/2025,9:00:55 AM,9:01:25 AM,1738594855,37.46
Site 1,Henry_1st_Floor_Stair_12_NE_Girls_Restrooms,B0-B3-53-D1-76-BC,Vape,2/03/2025,9:04:09 AM,9:04:39 AM,1738595049,58.96
Site 1,Henry_1st_Floor_Stair_12_NE_Girls_Restrooms,B0-B3-53-D1-76-BC,Vape,2/03/2025,9:05:14 AM,9:05:44 AM,1738595114,53
Site 1,Henry_1st_Floor_Stair_12_NE_Girls_Restrooms,B0-B3-53-D1-76-BC,Vape,2/03/2025,9:06:24 AM,9:06:54 AM,1738595184,41.14
Site 1,Henry_1st_Floor_Stair_12_NE_Girls_Restrooms,B0-B3-53-D1-76-BC,Vape,2/03/2025,9:07:11 AM,9:07:41 AM,1738595231,40
Site 1,Henry_1st_Floor_Stair_12_NE_Girls_Restrooms,B0-B3-53-D1-76-BC,Vape,2/03/2025,9:19:03 AM,9:19:33 AM,1738595943,79.48
Site 1,Henry_1st_Floor_Stair_12_NE_Girls_Restrooms,B0-B3-53-D1-76-BC,Vape,2/03/2025,10:17:06 AM,10:17:36 AM,1738599426,144.96
Site 1,Henry_1st_Floor_Stair_12_NE_Girls_Restrooms,B0-B3-53-D1-76-BC,Vape,2/03/2025,10:19:22 AM,10:19:52 AM,1738599562,105.65
Site 1,Henry_1st_Floor_Stair_12_NE_Girls_Restrooms,B0-B3-53-D1-76-BC,Vape,2/03/2025,10:21:14 AM,10:21:44 AM,1738599674,100.22
Site 1,Henry_1st_Floor_Stair_12_NE_Girls_Restrooms,B0-B3-53-D1-76-BC,Vape,2/03/2025,10:24:17 AM,10:24:47 AM,1738599857,64.82
Site 1,Henry_1st_Floor_Stair_12_NE_Girls_Restrooms,B0-B3-53-D1-76-BC,Vape,2/03/2025,10:25:28 AM,10:25:58 AM,1738599928,45.42
Site 1,Henry_1st_Floor_Stair_12_NE_Girls_Restrooms,B0-B3-53-D1-76-BC,Vape,2/03/2025,10:27:05 AM,10:27:35 AM,1738600025,37.63
Site 1,Henry_1st_Floor_Stair_12_NE_Girls_Restrooms,B0-B3-53-D1-76-BC,Vape,2/03/2025,10:27:55 AM,10:28:25 AM,1738600075,35.09
Site 1,Henry_1st_Floor_Stair_12_NE_Girls_Restrooms,B0-B3-53-D1-76-BC,Vape,2/03/2025,10:29:12 AM,10:29:42 AM,1738600152,66.75
Site 1,Henry_1st_Floor_Stair_12_NE_Girls_Restrooms,B0-B3-53-D1-76-BC,Vape,2/04/2025,8:24:36 AM,8:25:06 AM,1738679076,39.85
Site 1,Henry_1st_Floor_Stair_12_NE_Girls_Restrooms,B0-B3-53-D1-76-BC,Smoking,2/04/2025,8:25:21 AM,8:25:51 AM,1738679121,44.91
Site 1,Henry_1st_Floor_Stair_12_NE_Girls_Restrooms,B0-B3-53-D1-76-BC,Vape,2/04/2025,8:25:21 AM,8:25:51 AM,1738679121,44.91
Site 1,Henry_1st_Floor_Stair_12_NE_Girls_Restrooms,B0-B3-53-D1-76-BC,Vape,2/04/2025,8:39:43 AM,8:40:13 AM,1738679983,106.71
Site 1,Henry_1st_Floor_Stair_12_NE_Girls_Restrooms,B0-B3-53-D1-76-BC,Vape,2/04/2025,8:40:36 AM,8:42:38 AM,1738680036,45.96
Site 1,Henry_1st_Floor_Stair_12_NE_Girls_Restrooms,B0-B3-53-D1-76-BC,Smoking,2/04/2025,8:41:57 AM,8:42:27 AM,1738680117,183.63
Site 1,Henry_1st_Floor_Stair_12_NE_Girls_Restrooms,B0-B3-53-D1-76-BC,Vape,2/04/2025,9:19:01 AM,9:19:31 AM,1738682341,64.09
Site 1,Henry_1st_Floor_Stair_12_NE_Girls_Restrooms,B0-B3-53-D1-76-BC,Vape,2/04/2025,9:20:21 AM,9:21:42 AM,1738682421,46.23
Site 1,Henry_1st_Floor_Stair_12_NE_Girls_Restrooms,B0-B3-53-D1-76-BC,Vape,2/04/2025,9:23:01 AM,9:23:31 AM,1738682581,80.51
Site 1,Henry_1st_Floor_Stair_12_NE_Girls_Restrooms,B0-B3-53-D1-76-BC,Vape,2/04/2025,9:25:17 AM,9:25:47 AM,1738682717,48.19
Site 1,Henry_1st_Floor_Stair_12_NE_Girls_Restrooms,B0-B3-53-D1-76-BC,Vape,2/04/2025,9:29:58 AM,9:30:41 AM,1738682998,49.12
Site 1,Henry_1st_Floor_Stair_12_NE_Girls_Restrooms,B0-B3-53-D1-76-BC,Vape,2/04/2025,9:35:57 AM,9:36:27 AM,1738683357,50.32
Site 1,Henry_1st_Floor_Stair_12_NE_Girls_Restrooms,B0-B3-53-D1-76-BC,Vape,2/04/2025,9:50:10 AM,9:50:40 AM,1738684210,53.17
Site 1,Henry_1st_Floor_Stair_12_NE_Girls_Restrooms,B0-B3-53-D1-76-BC,Vape,2/04/2025,9:51:00 AM,9:51:30 AM,1738684260,45.51
Site 1,Henry_1st_Floor_Stair_12_NE_Girls_Restrooms,B0-B3-53-D1-76-BC,Vape,2/04/2025,9:54:35 AM,9:55:05 AM,1738684475,35.91
Site 1,Henry_1st_Floor_Stair_12_NE_Girls_Restrooms,B0-B3-53-D1-76-BC,Vape,2/04/2025,9:59:59 AM,10:00:29 AM,1738684799,139.53
Site 1,Henry_1st_Floor_Stair_12_NE_Girls_Restrooms,B0-B3-53-D1-76-BC,Vape,2/04/2025,10:14:21 AM,10:14:58 AM,1738685661,98.12
Site 1,Henry_1st_Floor_Stair_12_NE_Girls_Restrooms,B0-B3-53-D1-76-BC,Smoking,2/04/2025,10:15:06 AM,10:15:36 AM,1738685706,13.44
Site 1,Henry_1st_Floor_Stair_12_NE_Girls_Restrooms,B0-B3-53-D1-76-BC,Vape,2/04/2025,10:15:11 AM,10:15:41 AM,1738685711,48.26
Site 1,Henry_1st_Floor_Stair_12_NE_Girls_Restrooms,B0-B3-53-D1-76-BC,Vape,2/04/2025,10:15:58 AM,10:16:28 AM,1738685758,77.02
Site 1,Henry_1st_Floor_Stair_12_NE_Girls_Restrooms,B0-B3-53-D1-76-BC,Smoking,2/04/2025,10:16:31 AM,10:17:04 AM,1738685791,-30.59
Site 1,Henry_1st_Floor_Stair_12_NE_Girls_Restrooms,B0-B3-53-D1-76-BC,Vape,2/04/2025,10:16:36 AM,10:17:06 AM,1738685796,316.02
Site 1,Henry_1st_Floor_Stair_12_NE_Girls_Restrooms,B0-B3-53-D1-76-BC,Vape,2/04/2025,10:17:45 AM,10:18:21 AM,1738685865,239.12
Site 1,Henry_1st_Floor_Stair_12_NE_Girls_Restrooms,B0-B3-53-D1-76-BC,Smoking,2/04/2025,10:18:13 AM,10:18:43 AM,1738685893,81.07
Site 1,Henry_1st_Floor_Stair_12_NE_Girls_Restrooms,B0-B3-53-D1-76-BC,Vape,2/04/2025,10:18:26 AM,10:18:58 AM,1738685906,128.35
Site 1,Henry_1st_Floor_Stair_12_NE_Girls_Restrooms,B0-B3-53-D1-76-BC,Smoking,2/04/2025,10:18:45 AM,10:19:44 AM,1738685925,-208.97
Site 1,Henry_1st_Floor_Stair_12_NE_Girls_Restrooms,B0-B3-53-D1-76-BC,Vape,2/04/2025,10:19:41 AM,10:20:11 AM,1738685981,73.03
Site 1,Henry_1st_Floor_Stair_12_NE_Girls_Restrooms,B0-B3-53-D1-76-BC,Vape,2/04/2025,10:20:31 AM,10:21:01 AM,1738686031,189.87
Site 1,Henry_1st_Floor_Stair_12_NE_Girls_Restrooms,B0-B3-53-D1-76-BC,Vape,2/04/2025,10:23:16 AM,10:23:46 AM,1738686196,45.46
Site 1,Henry_1st_Floor_Stair_12_NE_Girls_Restrooms,B0-B3-53-D1-76-BC,Vape,2/04/2025,10:27:01 AM,10:27:31 AM,1738686421,42.29
Site 1,Henry_1st_Floor_Stair_12_NE_Girls_Restrooms,B0-B3-53-D1-76-BC,Vape,2/04/2025,10:29:47 AM,10:30:17 AM,1738686587,148.59
Site 1,Henry_1st_Floor_Stair_12_NE_Girls_Restrooms,B0-B3-53-D1-76-BC,Vape,2/04/2025,11:16:53 AM,11:17:23 AM,1738689413,78.69
Site 1,Henry_1st_Floor_Stair_12_NE_Girls_Restrooms,B0-B3-53-D1-76-BC,Vape,2/04/2025,11:17:43 AM,11:18:13 AM,1738689463,48.17
Site 1,Henry_1st_Floor_Stair_12_NE_Girls_Restrooms,B0-B3-53-D1-76-BC,Vape,2/04/2025,11:18:18 AM,11:18:48 AM,1738689498,42.74
Site 1,Henry_1st_Floor_Stair_12_NE_Girls_Restrooms,B0-B3-53-D1-76-BC,Vape,2/04/2025,11:18:51 AM,11:19:21 AM,1738689531,46.05
Site 1,Henry_1st_Floor_Stair_12_NE_Girls_Restrooms,B0-B3-53-D1-76-BC,Vape,2/04/2025,11:22:01 AM,11:22:31 AM,1738689721,125.32
Site 1,Henry_1st_Floor_Stair_12_NE_Girls_Restrooms,B0-B3-53-D1-76-BC,Vape,2/04/2025,11:25:05 AM,11:25:35 AM,1738689905,51.44
Site 1,Henry_1st_Floor_Stair_12_NE_Girls_Restrooms,B0-B3-53-D1-76-BC,Vape,2/04/2025,12:06:44 PM,12:07:14 PM,1738692404,352.9
Site 1,Henry_1st_Floor_Stair_12_NE_Girls_Restrooms,B0-B3-53-D1-76-BC,Smoking,2/04/2025,12:07:10 PM,12:07:40 PM,1738692430,-99.99
Site 1,Henry_1st_Floor_Stair_12_NE_Girls_Restrooms,B0-B3-53-D1-76-BC,Vape,2/04/2025,12:07:30 PM,12:08:00 PM,1738692450,149.09
Site 1,Henry_1st_Floor_Stair_12_NE_Girls_Restrooms,B0-B3-53-D1-76-BC,Smoking,2/04/2025,12:08:00 PM,12:08:33 PM,1738692480,-158.55
Site 1,Henry_1st_Floor_Stair_12_NE_Girls_Restrooms,B0-B3-53-D1-76-BC,Vape,2/04/2025,12:08:06 PM,12:08:36 PM,1738692486,683.48
Site 1,Henry_1st_Floor_Stair_12_NE_Girls_Restrooms,B0-B3-53-D1-76-BC,Vape,2/04/2025,12:09:04 PM,12:09:34 PM,1738692544,235.32
Site 1,Henry_1st_Floor_Stair_12_NE_Girls_Restrooms,B0-B3-53-D1-76-BC,Smoking,2/04/2025,12:09:32 PM,12:10:02 PM,1738692572,-134.06
Site 1,Henry_1st_Floor_Stair_12_NE_Girls_Restrooms,B0-B3-53-D1-76-BC,Vape,2/04/2025,12:09:52 PM,12:10:22 PM,1738692592,45.01
Site 1,Henry_1st_Floor_Stair_12_NE_Girls_Restrooms,B0-B3-53-D1-76-BC,Vape,2/04/2025,12:10:42 PM,12:11:12 PM,1738692642,114.71
Site 1,Henry_1st_Floor_Stair_12_NE_Girls_Restrooms,B0-B3-53-D1-76-BC,Vape,2/04/2025,12:11:15 PM,12:11:45 PM,1738692675,39.68
Site 1,Henry_1st_Floor_Stair_12_NE_Girls_Restrooms,B0-B3-53-D1-76-BC,Vape,2/04/2025,12:26:39 PM,12:27:09 PM,1738693599,38.68
Site 1,Henry_1st_Floor_Stair_12_NE_Girls_Restrooms,B0-B3-53-D1-76-BC,Vape,2/04/2025,12:28:38 PM,12:29:08 PM,1738693718,37.6
Site 1,Henry_1st_Floor_Stair_12_NE_Girls_Restrooms,B0-B3-53-D1-76-BC,Vape,2/04/2025,12:29:18 PM,12:29:48 PM,1738693758,62.9
Site 1,Henry_1st_Floor_Stair_12_NE_Girls_Restrooms,B0-B3-53-D1-76-BC,Vape,2/04/2025,12:30:45 PM,12:31:15 PM,1738693845,112.05
Site 1,Henry_1st_Floor_Stair_12_NE_Girls_Restrooms,B0-B3-53-D1-76-BC,Vape,2/04/2025,12:31:34 PM,12:32:06 PM,1738693894,50.36
Site 1,Henry_1st_Floor_Stair_12_NE_Girls_Restrooms,B0-B3-53-D1-76-BC,Vape,2/04/2025,12:32:31 PM,12:33:08 PM,1738693951,64.42
Site 1,Henry_1st_Floor_Stair_12_NE_Girls_Restrooms,B0-B3-53-D1-76-BC,Vape,2/04/2025,12:34:33 PM,12:35:03 PM,1738694073,77.4
Site 1,Henry_1st_Floor_Stair_12_NE_Girls_Restrooms,B0-B3-53-D1-76-BC,Vape,2/04/2025,12:35:16 PM,12:35:46 PM,1738694116,61.62
Site 1,Henry_1st_Floor_Stair_12_NE_Girls_Restrooms,B0-B3-53-D1-76-BC,Vape,2/04/2025,12:36:15 PM,12:36:45 PM,1738694175,40.38
Site 1,Henry_1st_Floor_Stair_12_NE_Girls_Restrooms,B0-B3-53-D1-76-BC,Vape,2/04/2025,1:03:12 PM,1:03:42 PM,1738695792,42.77
Site 1,Henry_1st_Floor_Stair_12_NE_Girls_Restrooms,B0-B3-53-D1-76-BC,Vape,2/04/2025,1:06:25 PM,1:06:55 PM,1738695985,82.52
Site 1,Henry_1st_Floor_Stair_12_NE_Girls_Restrooms,B0-B3-53-D1-76-BC,Vape,2/04/2025,1:06:59 PM,1:07:36 PM,1738696019,74.57
Site 1,Henry_1st_Floor_Stair_12_NE_Girls_Restrooms,B0-B3-53-D1-76-BC,Smoking,2/04/2025,1:07:50 PM,1:08:20 PM,1738696070,-44.63
Site 1,Henry_1st_Floor_Stair_12_NE_Girls_Restrooms,B0-B3-53-D1-76-BC,Vape,2/04/2025,1:07:59 PM,1:08:29 PM,1738696079,91.15
Site 1,Henry_1st_Floor_Stair_12_NE_Girls_Restrooms,B0-B3-53-D1-76-BC,Vape,2/04/2025,1:29:09 PM,1:29:39 PM,1738697349,40.4
Site 1,Henry_1st_Floor_Stair_12_NE_Girls_Restrooms,B0-B3-53-D1-76-BC,Vape,2/04/2025,3:38:54 PM,3:39:24 PM,1738705134,59
Site 1,Henry_1st_Floor_Stair_12_NE_Girls_Restrooms,B0-B3-53-D1-76-BC,Vape,2/04/2025,3:40:24 PM,3:40:54 PM,1738705224,80.15
Site 1,Henry_1st_Floor_Stair_12_NE_Girls_Restrooms,B0-B3-53-D1-76-BC,Vape,2/04/2025,3:42:14 PM,3:43:18 PM,1738705334,49.61
Site 1,Henry_2nd_Floor_Stair_1_NW_Restroom_#3,B0-B3-53-D1-29-45,Vape,1/31/2025,2:20:17 PM,2:20:47 PM,1738354817,63.92
Site 1,Henry_2nd_Floor_Stair_1_NW_Restroom_#3,B0-B3-53-D1-29-45,Vape,1/31/2025,2:21:36 PM,2:22:40 PM,1738354896,155.42
Site 1,Henry_2nd_Floor_Stair_1_NW_Restroom_#3,B0-B3-53-D1-29-45,Smoking,1/31/2025,2:22:06 PM,2:22:36 PM,1738354926,281.89
Site 1,Henry_2nd_Floor_Stair_1_NW_Restroom_#3,B0-B3-53-D1-29-45,Vape,1/31/2025,2:23:10 PM,2:23:40 PM,1738354990,120
Site 1,Henry_2nd_Floor_Stair_1_NW_Restroom_#3,B0-B3-53-D1-29-45,Vape,1/31/2025,2:24:29 PM,2:25:30 PM,1738355069,119.36
Site 1,Henry_2nd_Floor_Stair_1_NW_Restroom_#3,B0-B3-53-D1-29-45,Smoking,1/31/2025,2:25:38 PM,2:26:08 PM,1738355138,5.95
Site 1,Henry_2nd_Floor_Stair_1_NW_Restroom_#3,B0-B3-53-D1-29-45,Vape,1/31/2025,2:53:08 PM,2:53:55 PM,1738356788,180.48
Site 1,Henry_2nd_Floor_Stair_1_NW_Restroom_#3,B0-B3-53-D1-29-45,Smoking,1/31/2025,2:53:55 PM,2:54:25 PM,1738356835,29.88
Site 1,Henry_2nd_Floor_Stair_1_NW_Restroom_#3,B0-B3-53-D1-29-45,Vape,1/31/2025,2:54:03 PM,2:54:55 PM,1738356843,120.46
Site 1,Henry_2nd_Floor_Stair_1_NW_Restroom_#3,B0-B3-53-D1-29-45,Smoking,1/31/2025,2:54:59 PM,2:55:29 PM,1738356899,14.67
Site 1,Henry_2nd_Floor_Stair_1_NW_Restroom_#3,B0-B3-53-D1-29-45,Vape,2/03/2025,9:52:53 AM,9:53:23 AM,1738597973,815.2
Site 1,Henry_2nd_Floor_Stair_1_NW_Restroom_#3,B0-B3-53-D1-29-45,Smoking,2/03/2025,9:53:20 AM,9:53:50 AM,1738598000,-445.05
Site 1,Henry_2nd_Floor_Stair_1_NW_Restroom_#3,B0-B3-53-D1-29-45,Vape,2/03/2025,9:53:41 AM,9:54:12 AM,1738598021,241.35
Site 1,Henry_2nd_Floor_Stair_1_NW_Restroom_#3,B0-B3-53-D1-29-45,Smoking,2/03/2025,9:54:08 AM,9:54:38 AM,1738598048,457.49
Site 1,Henry_2nd_Floor_Stair_1_NW_Restroom_#3,B0-B3-53-D1-29-45,Vape,2/03/2025,10:13:47 AM,10:15:33 AM,1738599227,351.53
Site 1,Henry_2nd_Floor_Stair_1_NW_Restroom_#3,B0-B3-53-D1-29-45,Smoking,2/03/2025,10:14:15 AM,10:15:26 AM,1738599255,1827.39
Site 1,Henry_2nd_Floor_Stair_1_NW_Restroom_#3,B0-B3-53-D1-29-45,Vape,2/03/2025,10:44:55 AM,10:45:53 AM,1738601095,374.72
Site 1,Henry_2nd_Floor_Stair_1_NW_Restroom_#3,B0-B3-53-D1-29-45,Vape,2/03/2025,1:27:52 PM,1:28:22 PM,1738610872,92.86
Site 1,Henry_2nd_Floor_Stair_1_NW_Restroom_#3,B0-B3-53-D1-29-45,Smoking,2/03/2025,1:28:23 PM,1:28:53 PM,1738610903,-29.7
Site 1,Henry_2nd_Floor_Stair_1_NW_Restroom_#3,B0-B3-53-D1-29-45,Vape,2/03/2025,1:29:18 PM,1:29:48 PM,1738610958,148.68
Site 1,Henry_2nd_Floor_Stair_1_NW_Restroom_#3,B0-B3-53-D1-29-45,Vape,2/03/2025,1:41:40 PM,1:42:21 PM,1738611700,54.79
Site 1,Henry_2nd_Floor_Stair_1_NW_Restroom_#3,B0-B3-53-D1-29-45,Vape,2/03/2025,1:58:04 PM,1:58:35 PM,1738612684,296.95
Site 1,Henry_2nd_Floor_Stair_1_NW_Restroom_#3,B0-B3-53-D1-29-45,Smoking,2/03/2025,1:58:31 PM,1:59:01 PM,1738612711,-70.6
Site 1,Henry_2nd_Floor_Stair_1_NW_Restroom_#3,B0-B3-53-D1-29-45,Vape,2/03/2025,2:16:13 PM,2:16:43 PM,1738613773,120.24
Site 1,Henry_2nd_Floor_Stair_1_NW_Restroom_#3,B0-B3-53-D1-29-45,Vape,2/03/2025,2:38:44 PM,2:39:14 PM,1738615124,41.06
Site 1,Henry_2nd_Floor_Stair_1_NW_Restroom_#3,B0-B3-53-D1-29-45,Vape,2/04/2025,9:42:37 AM,9:43:07 AM,1738683757,81.21
Site 1,Henry_2nd_Floor_Stair_1_NW_Restroom_#3,B0-B3-53-D1-29-45,Vape,2/04/2025,9:43:20 AM,9:43:50 AM,1738683800,191.77
Site 1,Henry_2nd_Floor_Stair_1_NW_Restroom_#3,B0-B3-53-D1-29-45,Vape,2/04/2025,10:13:49 AM,10:14:19 AM,1738685629,82.25
Site 1,Henry_2nd_Floor_Stair_1_NW_Restroom_#3,B0-B3-53-D1-29-45,Vape,2/04/2025,10:17:14 AM,10:18:13 AM,1738685834,78.54
Site 1,Henry_2nd_Floor_Stair_1_NW_Restroom_#3,B0-B3-53-D1-29-45,Vape,2/04/2025,10:18:50 AM,10:19:20 AM,1738685930,37.32
Site 1,Henry_2nd_Floor_Stair_1_NW_Restroom_#3,B0-B3-53-D1-29-45,Vape,2/04/2025,10:25:53 AM,10:26:23 AM,1738686353,42.88
Site 1,Henry_2nd_Floor_Stair_1_NW_Restroom_#3,B0-B3-53-D1-29-45,Vape,2/04/2025,11:11:34 AM,11:12:04 AM,1738689094,90.12
Site 1,Henry_2nd_Floor_Stair_1_NW_Restroom_#3,B0-B3-53-D1-29-45,Vape,2/04/2025,12:03:38 PM,12:04:39 PM,1738692218,89.82
Site 1,Henry_2nd_Floor_Stair_1_NW_Restroom_#3,B0-B3-53-D1-29-45,Smoking,2/04/2025,12:04:09 PM,12:04:39 PM,1738692249,1296.56
Site 1,Henry_2nd_Floor_Stair_1_NW_Restroom_#3,B0-B3-53-D1-29-45,Smoking,2/04/2025,12:04:50 PM,12:05:20 PM,1738692290,-76.53
Site 1,Henry_2nd_Floor_Stair_1_NW_Restroom_#3,B0-B3-53-D1-29-45,Vape,2/04/2025,12:04:58 PM,12:05:28 PM,1738692298,275.93
Site 1,Henry_2nd_Floor_Stair_1_NW_Restroom_#3,B0-B3-53-D1-29-45,Smoking,2/04/2025,12:05:25 PM,12:05:55 PM,1738692325,-73.03
Site 1,Henry_2nd_Floor_Stair_12_NE_Restrooms_#1,B0-B3-53-D1-29-56,Vape,2/03/2025,9:20:51 AM,9:21:21 AM,1738596051,281.63
Site 1,Henry_2nd_Floor_Stair_12_NE_Restrooms_#1,B0-B3-53-D1-29-56,Smoking,2/03/2025,9:21:16 AM,9:21:46 AM,1738596076,-19.53
Site 1,Henry_2nd_Floor_Stair_12_NE_Restrooms_#1,B0-B3-53-D1-29-56,Vape,2/03/2025,9:21:26 AM,9:22:03 AM,1738596086,36.84
Site 1,Henry_2nd_Floor_Stair_12_NE_Restrooms_#1,B0-B3-53-D1-29-56,Vape,2/03/2025,9:22:09 AM,9:22:39 AM,1738596129,578.28
Site 1,Henry_2nd_Floor_Stair_12_NE_Restrooms_#1,B0-B3-53-D1-29-56,Smoking,2/03/2025,9:22:14 AM,9:22:44 AM,1738596134,2087.74
Site 1,Henry_2nd_Floor_Stair_12_NE_Restrooms_#1,B0-B3-53-D1-29-56,Vape,2/03/2025,9:27:44 AM,9:28:14 AM,1738596464,826.94
Site 1,Henry_2nd_Floor_Stair_12_NE_Restrooms_#1,B0-B3-53-D1-29-56,Vape,2/03/2025,9:29:18 AM,9:29:48 AM,1738596558,269.12
Site 1,Henry_2nd_Floor_Stair_12_NE_Restrooms_#1,B0-B3-53-D1-29-56,Smoking,2/03/2025,9:29:42 AM,9:30:12 AM,1738596582,-146.99
Site 1,Henry_2nd_Floor_Stair_12_NE_Restrooms_#1,B0-B3-53-D1-29-56,Vape,2/03/2025,9:31:32 AM,9:32:02 AM,1738596692,776.96
Site 1,Henry_2nd_Floor_Stair_12_NE_Restrooms_#1,B0-B3-53-D1-29-56,Smoking,2/03/2025,9:31:57 AM,9:32:27 AM,1738596717,-374.28
Site 1,Henry_2nd_Floor_Stair_12_NE_Restrooms_#1,B0-B3-53-D1-29-56,Vape,2/03/2025,9:32:37 AM,9:33:07 AM,1738596757,498
Site 1,Henry_2nd_Floor_Stair_12_NE_Restrooms_#1,B0-B3-53-D1-29-56,Smoking,2/03/2025,9:33:01 AM,9:33:31 AM,1738596781,-144.66
Site 1,Henry_2nd_Floor_Stair_12_NE_Restrooms_#1,B0-B3-53-D1-29-56,Vape,2/03/2025,9:35:58 AM,9:36:28 AM,1738596958,79.99
Site 1,Henry_2nd_Floor_Stair_12_NE_Restrooms_#1,B0-B3-53-D1-29-56,Vape,2/03/2025,9:37:23 AM,9:37:53 AM,1738597043,103.37
Site 1,Henry_2nd_Floor_Stair_12_NE_Restrooms_#1,B0-B3-53-D1-29-56,Vape,2/03/2025,9:38:15 AM,9:38:45 AM,1738597095,47.34
Site 1,Henry_2nd_Floor_Stair_12_NE_Restrooms_#1,B0-B3-53-D1-29-56,Vape,2/03/2025,9:39:43 AM,9:40:13 AM,1738597183,319.57
Site 1,Henry_2nd_Floor_Stair_12_NE_Restrooms_#1,B0-B3-53-D1-29-56,Smoking,2/03/2025,9:40:08 AM,9:40:38 AM,1738597208,-124.43
Site 1,Henry_2nd_Floor_Stair_12_NE_Restrooms_#1,B0-B3-53-D1-29-56,Vape,2/03/2025,9:40:51 AM,9:42:58 AM,1738597251,1252.8
Site 1,Henry_2nd_Floor_Stair_12_NE_Restrooms_#1,B0-B3-53-D1-29-56,Smoking,2/03/2025,9:41:16 AM,9:41:46 AM,1738597276,31.76
Site 1,Henry_2nd_Floor_Stair_12_NE_Restrooms_#1,B0-B3-53-D1-29-56,Smoking,2/03/2025,9:41:50 AM,9:42:56 AM,1738597310,2055.61
Site 1,Henry_2nd_Floor_Stair_12_NE_Restrooms_#1,B0-B3-53-D1-29-56,Vape,2/03/2025,9:43:33 AM,9:44:03 AM,1738597413,375.22
Site 1,Henry_2nd_Floor_Stair_12_NE_Restrooms_#1,B0-B3-53-D1-29-56,Smoking,2/03/2025,9:43:58 AM,9:44:28 AM,1738597438,-242.2
Site 1,Henry_2nd_Floor_Stair_12_NE_Restrooms_#1,B0-B3-53-D1-29-56,Vape,2/03/2025,9:44:56 AM,9:45:26 AM,1738597496,240
Site 1,Henry_2nd_Floor_Stair_12_NE_Restrooms_#1,B0-B3-53-D1-29-56,Smoking,2/03/2025,9:45:21 AM,9:45:51 AM,1738597521,-1006.96
Site 1,Henry_2nd_Floor_Stair_12_NE_Restrooms_#1,B0-B3-53-D1-29-56,Vape,2/03/2025,9:45:35 AM,9:46:05 AM,1738597535,303.52
Site 1,Henry_2nd_Floor_Stair_12_NE_Restrooms_#1,B0-B3-53-D1-29-56,Smoking,2/03/2025,9:46:00 AM,9:46:30 AM,1738597560,-930.6
Site 1,Henry_2nd_Floor_Stair_12_NE_Restrooms_#1,B0-B3-53-D1-29-56,Vape,2/03/2025,9:46:11 AM,9:46:41 AM,1738597571,119.45
Site 1,Henry_2nd_Floor_Stair_12_NE_Restrooms_#1,B0-B3-53-D1-29-56,Vape,2/03/2025,9:48:16 AM,9:48:46 AM,1738597696,2061.57
Site 1,Henry_2nd_Floor_Stair_12_NE_Restrooms_#1,B0-B3-53-D1-29-56,Smoking,2/03/2025,9:48:40 AM,9:49:10 AM,1738597720,-401.63
Site 1,Henry_2nd_Floor_Stair_12_NE_Restrooms_#1,B0-B3-53-D1-29-56,Vape,2/03/2025,9:53:26 AM,9:53:56 AM,1738598006,58.46
Site 1,Henry_2nd_Floor_Stair_12_NE_Restrooms_#1,B0-B3-53-D1-29-56,Vape,2/03/2025,9:59:39 AM,10:00:09 AM,1738598379,39.36
Site 1,Henry_2nd_Floor_Stair_12_NE_Restrooms_#1,B0-B3-53-D1-29-56,Vape,2/03/2025,10:33:08 AM,10:33:38 AM,1738600388,132.18
Site 1,Henry_2nd_Floor_Stair_12_NE_Restrooms_#1,B0-B3-53-D1-29-56,Vape,2/03/2025,10:34:04 AM,10:34:34 AM,1738600444,128.83
Site 1,Henry_2nd_Floor_Stair_12_NE_Restrooms_#1,B0-B3-53-D1-29-56,Vape,2/03/2025,10:34:41 AM,10:35:11 AM,1738600481,43.48
Site 1,Henry_2nd_Floor_Stair_12_NE_Restrooms_#1,B0-B3-53-D1-29-56,Vape,2/03/2025,10:38:20 AM,10:38:54 AM,1738600700,48.6
Site 1,Henry_2nd_Floor_Stair_12_NE_Restrooms_#1,B0-B3-53-D1-29-56,Vape,2/03/2025,10:41:27 AM,10:41:57 AM,1738600887,67.9
Site 1,Henry_2nd_Floor_Stair_12_NE_Restrooms_#1,B0-B3-53-D1-29-56,Vape,2/03/2025,11:39:55 AM,11:40:25 AM,1738604395,37.72
Site 1,Henry_2nd_Floor_Stair_12_NE_Restrooms_#1,B0-B3-53-D1-29-56,Vape,2/03/2025,11:43:10 AM,11:43:40 AM,1738604590,104.39
Site 1,Henry_2nd_Floor_Stair_12_NE_Restrooms_#1,B0-B3-53-D1-29-56,Vape,2/03/2025,11:44:36 AM,11:45:06 AM,1738604676,311.93
Site 1,Henry_2nd_Floor_Stair_12_NE_Restrooms_#1,B0-B3-53-D1-29-56,Smoking,2/03/2025,11:45:02 AM,11:45:32 AM,1738604702,46.96
Site 1,Henry_2nd_Floor_Stair_12_NE_Restrooms_#1,B0-B3-53-D1-29-56,Masking,2/03/2025,11:46:09 AM,11:46:39 AM,1738604769,60.58
Site 1,Henry_2nd_Floor_Stair_12_NE_Restrooms_#1,B0-B3-53-D1-29-56,Vape,2/03/2025,1:28:20 PM,1:28:50 PM,1738610900,181.02
Site 1,Henry_2nd_Floor_Stair_12_NE_Restrooms_#1,B0-B3-53-D1-29-56,Masking,2/03/2025,1:32:49 PM,1:34:34 PM,1738611169,1109.78
Site 1,Henry_2nd_Floor_Stair_12_NE_Restrooms_#1,B0-B3-53-D1-29-56,Masking,2/03/2025,1:35:05 PM,1:35:35 PM,1738611305,77.65
Site 1,Henry_2nd_Floor_Stair_12_NE_Restrooms_#1,B0-B3-53-D1-29-56,Vape,2/03/2025,2:21:04 PM,2:21:35 PM,1738614064,1948.81
Site 1,Henry_2nd_Floor_Stair_12_NE_Restrooms_#1,B0-B3-53-D1-29-56,Smoking,2/03/2025,2:21:29 PM,2:21:59 PM,1738614089,414.28
Site 1,Henry_2nd_Floor_Stair_12_NE_Restrooms_#1,B0-B3-53-D1-29-56,Vape,2/03/2025,2:30:02 PM,2:30:32 PM,1738614602,50.07
Site 1,Henry_2nd_Floor_Stair_12_NE_Restrooms_#1,B0-B3-53-D1-29-56,Vape,2/03/2025,2:32:26 PM,2:32:56 PM,1738614746,49.07
Site 1,Henry_2nd_Floor_Stair_12_NE_Restrooms_#1,B0-B3-53-D1-29-56,Vape,2/03/2025,2:55:27 PM,2:55:57 PM,1738616127,203.39
Site 1,Henry_2nd_Floor_Stair_12_NE_Restrooms_#1,B0-B3-53-D1-29-56,Smoking,2/03/2025,2:55:55 PM,2:56:25 PM,1738616155,-40.08
Site 1,Henry_2nd_Floor_Stair_12_NE_Restrooms_#1,B0-B3-53-D1-29-56,Vape,2/03/2025,2:56:07 PM,2:56:37 PM,1738616167,48.09
Site 1,Henry_2nd_Floor_Stair_12_NE_Restrooms_#1,B0-B3-53-D1-29-56,Vape,2/04/2025,9:22:27 AM,9:23:00 AM,1738682547,331.28
Site 1,Henry_2nd_Floor_Stair_12_NE_Restrooms_#1,B0-B3-53-D1-29-56,Smoking,2/04/2025,9:22:53 AM,9:23:40 AM,1738682573,749.08
Site 1,Henry_2nd_Floor_Stair_12_NE_Restrooms_#1,B0-B3-53-D1-29-56,Vape,2/04/2025,9:23:12 AM,9:23:42 AM,1738682592,338.62
Site 1,Henry_2nd_Floor_Stair_12_NE_Restrooms_#1,B0-B3-53-D1-29-56,Vape,2/04/2025,9:23:45 AM,9:24:15 AM,1738682625,267.65
Site 1,Henry_2nd_Floor_Stair_12_NE_Restrooms_#1,B0-B3-53-D1-29-56,Smoking,2/04/2025,9:24:13 AM,9:24:43 AM,1738682653,108.39
Site 1,Henry_2nd_Floor_Stair_12_NE_Restrooms_#1,B0-B3-53-D1-29-56,Vape,2/04/2025,9:24:32 AM,9:25:02 AM,1738682672,81.26
Site 1,Henry_2nd_Floor_Stair_12_NE_Restrooms_#1,B0-B3-53-D1-29-56,Vape,2/04/2025,9:25:10 AM,9:26:03 AM,1738682710,402.59
Site 1,Henry_2nd_Floor_Stair_12_NE_Restrooms_#1,B0-B3-53-D1-29-56,Smoking,2/04/2025,9:25:11 AM,9:26:03 AM,1738682711,366.78
Site 1,Henry_2nd_Floor_Stair_12_NE_Restrooms_#1,B0-B3-53-D1-29-56,Vape,2/04/2025,9:26:25 AM,9:26:55 AM,1738682785,371.28
Site 1,Henry_2nd_Floor_Stair_12_NE_Restrooms_#1,B0-B3-53-D1-29-56,Smoking,2/04/2025,9:26:53 AM,9:27:37 AM,1738682813,-6.93
Site 1,Henry_2nd_Floor_Stair_12_NE_Restrooms_#1,B0-B3-53-D1-29-56,Vape,2/04/2025,9:26:59 AM,9:27:29 AM,1738682819,310.55
Site 1,Henry_2nd_Floor_Stair_12_NE_Restrooms_#1,B0-B3-53-D1-29-56,Vape,2/04/2025,9:27:45 AM,9:28:15 AM,1738682865,548.45
Site 1,Henry_2nd_Floor_Stair_12_NE_Restrooms_#1,B0-B3-53-D1-29-56,Smoking,2/04/2025,9:28:10 AM,9:28:40 AM,1738682890,-425.54
Site 1,Henry_2nd_Floor_Stair_12_NE_Restrooms_#1,B0-B3-53-D1-29-56,Vape,2/04/2025,9:28:34 AM,9:29:04 AM,1738682914,216.7
Site 1,Henry_2nd_Floor_Stair_12_NE_Restrooms_#1,B0-B3-53-D1-29-56,Smoking,2/04/2025,9:29:02 AM,9:29:42 AM,1738682942,-513.17
Site 1,Henry_2nd_Floor_Stair_12_NE_Restrooms_#1,B0-B3-53-D1-29-56,Vape,2/04/2025,9:29:14 AM,9:29:44 AM,1738682954,514.3
Site 1,Henry_2nd_Floor_Stair_12_NE_Restrooms_#1,B0-B3-53-D1-29-56,Vape,2/04/2025,9:31:08 AM,9:31:38 AM,1738683068,287.71
Site 1,Henry_2nd_Floor_Stair_12_NE_Restrooms_#1,B0-B3-53-D1-29-56,Smoking,2/04/2025,9:31:34 AM,9:32:04 AM,1738683094,-205.8
Site 1,Henry_2nd_Floor_Stair_12_NE_Restrooms_#1,B0-B3-53-D1-29-56,Vape,2/04/2025,9:40:03 AM,9:40:33 AM,1738683603,65.28
Site 1,Henry_2nd_Floor_Stair_12_NE_Restrooms_#1,B0-B3-53-D1-29-56,Vape,2/04/2025,10:01:40 AM,10:02:28 AM,1738684900,156.7
Site 1,Henry_2nd_Floor_Stair_12_NE_Restrooms_#1,B0-B3-53-D1-29-56,Smoking,2/04/2025,10:02:12 AM,10:02:42 AM,1738684932,73.92
Site 1,Henry_2nd_Floor_Stair_12_NE_Restrooms_#1,B0-B3-53-D1-29-56,Vape,2/04/2025,11:29:55 AM,11:30:25 AM,1738690195,67.56
Site 1,Henry_2nd_Floor_Stair_12_NE_Restrooms_#1,B0-B3-53-D1-29-56,Vape,2/04/2025,12:02:36 PM,12:03:06 PM,1738692156,109.37
Site 1,Henry_2nd_Floor_Stair_12_NE_Restrooms_#1,B0-B3-53-D1-29-56,Smoking,2/04/2025,12:03:07 PM,12:03:37 PM,1738692187,-58.48
Site 1,Henry_2nd_Floor_Stair_12_NE_Restrooms_#1,B0-B3-53-D1-29-56,Vape,2/04/2025,12:31:10 PM,12:31:40 PM,1738693870,498.58
Site 1,Henry_2nd_Floor_Stair_12_NE_Restrooms_#1,B0-B3-53-D1-29-56,Smoking,2/04/2025,12:31:34 PM,12:32:04 PM,1738693894,-73.37
Site 1,Henry_2nd_Floor_Stair_12_NE_Restrooms_#1,B0-B3-53-D1-29-56,Vape,2/04/2025,12:32:27 PM,12:32:57 PM,1738693947,121.35
Site 1,Henry_2nd_Floor_Stair_12_NE_Restrooms_#1,B0-B3-53-D1-29-56,Smoking,2/04/2025,12:32:53 PM,12:33:23 PM,1738693973,-55.32
Site 1,Henry_2nd_Floor_Stair_12_NE_Restrooms_#1,B0-B3-53-D1-29-56,Vape,2/04/2025,12:34:51 PM,12:35:21 PM,1738694091,78.49
Site 1,Henry_2nd_Floor_Stair_12_NE_Restrooms_#1,B0-B3-53-D1-29-56,Smoking,2/04/2025,12:35:27 PM,12:35:57 PM,1738694127,-46.94
Site 1,Henry_2nd_Floor_Stair_12_NE_Restrooms_#1,B0-B3-53-D1-29-56,Masking,2/04/2025,1:36:00 PM,1:37:02 PM,1738697760,263.81
Site 1,Henry_2nd_Floor_Stair_12_NE_Restrooms_#1,B0-B3-53-D1-29-56,Vape,2/04/2025,1:46:00 PM,1:46:30 PM,1738698360,189.1
Site 1,Henry_2nd_Floor_Stair_12_NE_Restrooms_#1,B0-B3-53-D1-29-56,Smoking,2/04/2025,1:46:29 PM,1:46:59 PM,1738698389,-20.85
Site 1,Henry_2nd_Floor_Stair_14_SW_Restrooms_#1,B0-B3-53-D1-29-4C,Masking,2/03/2025,8:41:01 AM,8:41:35 AM,1738593661,150.54
Site 1,Henry_2nd_Floor_Stair_14_SW_Restrooms_#1,B0-B3-53-D1-29-4C,Vape,2/03/2025,11:13:55 AM,11:15:15 AM,1738602835,39.45
Site 1,Henry_2nd_Floor_Stair_14_SW_Restrooms_#1,B0-B3-53-D1-29-4C,Smoking,2/03/2025,11:14:45 AM,11:15:15 AM,1738602885,105.48
Site 1,Henry_2nd_Floor_Stair_14_SW_Restrooms_#1,B0-B3-53-D1-29-4C,Vape,2/03/2025,11:29:16 AM,11:29:46 AM,1738603756,51.59
Site 1,Henry_2nd_Floor_Stair_14_SW_Restrooms_#1,B0-B3-53-D1-29-4C,Vape,2/03/2025,11:30:50 AM,11:31:24 AM,1738603850,279.2
Site 1,Henry_2nd_Floor_Stair_14_SW_Restrooms_#1,B0-B3-53-D1-29-4C,Smoking,2/03/2025,11:31:15 AM,11:32:05 AM,1738603875,974.77
Site 1,Henry_2nd_Floor_Stair_14_SW_Restrooms_#1,B0-B3-53-D1-29-4C,Vape,2/03/2025,11:31:33 AM,11:32:11 AM,1738603893,297.41
Site 1,Henry_2nd_Floor_Stair_14_SW_Restrooms_#1,B0-B3-53-D1-29-4C,Vape,2/03/2025,11:40:10 AM,11:40:43 AM,1738604410,59.46
Site 1,Henry_2nd_Floor_Stair_14_SW_Restrooms_#1,B0-B3-53-D1-29-4C,Vape,2/03/2025,11:40:52 AM,11:41:22 AM,1738604452,82.33
Site 1,Henry_2nd_Floor_Stair_14_SW_Restrooms_#1,B0-B3-53-D1-29-4C,Smoking,2/03/2025,11:41:02 AM,11:41:32 AM,1738604462,-32.29
Site 1,Henry_2nd_Floor_Stair_14_SW_Restrooms_#1,B0-B3-53-D1-29-4C,Vape,2/03/2025,12:07:20 PM,12:07:50 PM,1738606040,217.03
Site 1,Henry_2nd_Floor_Stair_14_SW_Restrooms_#1,B0-B3-53-D1-29-4C,Smoking,2/03/2025,12:07:48 PM,12:08:18 PM,1738606068,-9.62
Site 1,Henry_2nd_Floor_Stair_14_SW_Restrooms_#1,B0-B3-53-D1-29-4C,Vape,2/03/2025,1:32:32 PM,1:33:02 PM,1738611152,573.09
Site 1,Henry_2nd_Floor_Stair_14_SW_Restrooms_#1,B0-B3-53-D1-29-4C,Vape,2/03/2025,1:33:21 PM,1:33:51 PM,1738611201,137.86
Site 1,Henry_2nd_Floor_Stair_14_SW_Restrooms_#1,B0-B3-53-D1-29-4C,Smoking,2/03/2025,1:33:53 PM,1:34:23 PM,1738611233,-42.66
Site 1,Henry_2nd_Floor_Stair_14_SW_Restrooms_#1,B0-B3-53-D1-29-4C,Vape,2/03/2025,2:18:44 PM,2:19:45 PM,1738613924,373.08
Site 1,Henry_2nd_Floor_Stair_14_SW_Restrooms_#1,B0-B3-53-D1-29-4C,Smoking,2/03/2025,2:19:11 PM,2:19:41 PM,1738613951,542.18
Site 1,Henry_2nd_Floor_Stair_14_SW_Restrooms_#1,B0-B3-53-D1-29-4C,Vape,2/03/2025,2:19:51 PM,2:20:21 PM,1738613991,713.44
Site 1,Henry_2nd_Floor_Stair_14_SW_Restrooms_#1,B0-B3-53-D1-29-4C,Vape,2/03/2025,3:16:12 PM,3:16:42 PM,1738617372,154.32
Site 1,Henry_2nd_Floor_Stair_14_SW_Restrooms_#1,B0-B3-53-D1-29-4C,Vape,2/03/2025,3:16:48 PM,3:17:45 PM,1738617408,264.66
Site 1,Henry_2nd_Floor_Stair_14_SW_Restrooms_#1,B0-B3-53-D1-29-4C,Smoking,2/03/2025,3:17:15 PM,3:17:45 PM,1738617435,292.46
Site 1,Henry_2nd_Floor_Stair_14_SW_Restrooms_#1,B0-B3-53-D1-29-4C,Vape,2/03/2025,3:20:19 PM,3:20:49 PM,1738617619,113.49
Site 1,Henry_2nd_Floor_Stair_14_SW_Restrooms_#1,B0-B3-53-D1-29-4C,Vape,2/04/2025,9:45:05 AM,9:45:52 AM,1738683905,158.46
Site 1,Henry_2nd_Floor_Stair_14_SW_Restrooms_#1,B0-B3-53-D1-29-4C,Smoking,2/04/2025,9:45:35 AM,9:46:05 AM,1738683935,11350.76
Site 1,Henry_2nd_Floor_Stair_14_SW_Restrooms_#1,B0-B3-53-D1-29-4C,Vape,2/04/2025,11:35:54 AM,11:36:24 AM,1738690554,201.68
Site 1,Henry_2nd_Floor_Stair_14_SW_Restrooms_#1,B0-B3-53-D1-29-4C,Smoking,2/04/2025,11:36:22 AM,11:36:52 AM,1738690582,-33.21
Site 1,Henry_2nd_Floor_Stair_14_SW_Restrooms_#1,B0-B3-53-D1-29-4C,Vape,2/04/2025,12:17:44 PM,12:18:14 PM,1738693064,56.3
Site 1,Henry_2nd_Floor_Stair_14_SW_Restrooms_#1,B0-B3-53-D1-29-4C,Vape,2/04/2025,1:56:18 PM,1:57:09 PM,1738698978,1894.23
Site 1,Henry_2nd_Floor_Stair_14_SW_Restrooms_#1,B0-B3-53-D1-29-4C,Smoking,2/04/2025,1:56:43 PM,1:57:13 PM,1738699003,489.42
Site 1,Henry_2nd_Floor_Stair_14_SW_Restrooms_#1,B0-B3-53-D1-29-4C,Vape,2/04/2025,1:57:27 PM,1:57:57 PM,1738699047,327.69
Site 1,Henry_2nd_Floor_Stair_14_SW_Restrooms_#1,B0-B3-53-D1-29-4C,Smoking,2/04/2025,1:57:53 PM,1:58:23 PM,1738699073,-201.34
Site 1,Henry_2nd_Floor_Stair_14_SW_Restrooms_#1,B0-B3-53-D1-29-4C,Vape,2/04/2025,2:38:19 PM,2:38:49 PM,1738701499,195.74
Site 1,Henry_3RD_Floor_Stair_1_NW_Restroom_#1,B0-B3-53-D1-29-59,Vape,1/31/2025,2:23:22 PM,2:23:52 PM,1738355002,40.03
Site 1,Henry_3RD_Floor_Stair_1_NW_Restroom_#1,B0-B3-53-D1-29-59,Vape,1/31/2025,2:30:03 PM,2:30:43 PM,1738355403,736.89
Site 1,Henry_3RD_Floor_Stair_1_NW_Restroom_#1,B0-B3-53-D1-29-59,Smoking,1/31/2025,2:30:29 PM,2:30:59 PM,1738355429,340.57
Site 1,Henry_3RD_Floor_Stair_1_NW_Restroom_#1,B0-B3-53-D1-29-59,Vape,1/31/2025,2:45:49 PM,2:46:19 PM,1738356349,199.16
Site 1,Henry_3RD_Floor_Stair_1_NW_Restroom_#1,B0-B3-53-D1-29-59,Smoking,1/31/2025,2:46:18 PM,2:46:48 PM,1738356378,26.9
Site 1,Henry_3RD_Floor_Stair_1_NW_Restroom_#1,B0-B3-53-D1-29-59,Vape,1/31/2025,2:46:28 PM,2:47:21 PM,1738356388,387.05
Site 1,Henry_3RD_Floor_Stair_1_NW_Restroom_#1,B0-B3-53-D1-29-59,Smoking,1/31/2025,2:46:54 PM,2:47:24 PM,1738356414,1331.89
Site 1,Henry_3RD_Floor_Stair_1_NW_Restroom_#1,B0-B3-53-D1-29-59,Vape,2/03/2025,8:27:36 AM,8:28:35 AM,1738592856,121.03
Site 1,Henry_3RD_Floor_Stair_1_NW_Restroom_#1,B0-B3-53-D1-29-59,Smoking,2/03/2025,8:28:07 AM,8:28:37 AM,1738592887,2286.66
Site 1,Henry_3RD_Floor_Stair_1_NW_Restroom_#1,B0-B3-53-D1-29-59,Vape,2/03/2025,10:46:28 AM,10:46:58 AM,1738601188,242.77
Site 1,Henry_3RD_Floor_Stair_1_NW_Restroom_#1,B0-B3-53-D1-29-59,Smoking,2/03/2025,10:46:56 AM,10:47:26 AM,1738601216,-40.4
Site 1,Henry_3RD_Floor_Stair_1_NW_Restroom_#1,B0-B3-53-D1-29-59,Vape,2/03/2025,11:11:53 AM,11:12:52 AM,1738602713,102.8
Site 1,Henry_3RD_Floor_Stair_1_NW_Restroom_#1,B0-B3-53-D1-29-59,Smoking,2/03/2025,11:12:29 AM,11:12:59 AM,1738602749,161.29
Site 1,Henry_3RD_Floor_Stair_1_NW_Restroom_#1,B0-B3-53-D1-29-59,Vape,2/03/2025,11:52:51 AM,11:53:21 AM,1738605171,117.16
Site 1,Henry_3RD_Floor_Stair_1_NW_Restroom_#1,B0-B3-53-D1-29-59,Vape,2/03/2025,12:55:25 PM,12:55:55 PM,1738608925,59.71
Site 1,Henry_3RD_Floor_Stair_1_NW_Restroom_#1,B0-B3-53-D1-29-59,Vape,2/03/2025,1:11:55 PM,1:12:35 PM,1738609915,1923.45
Site 1,Henry_3RD_Floor_Stair_1_NW_Restroom_#1,B0-B3-53-D1-29-59,Smoking,2/03/2025,1:12:20 PM,1:12:52 PM,1738609940,-260.52
Site 1,Henry_3RD_Floor_Stair_1_NW_Restroom_#1,B0-B3-53-D1-29-59,Vape,2/03/2025,1:26:25 PM,1:26:59 PM,1738610785,594.11
Site 1,Henry_3RD_Floor_Stair_1_NW_Restroom_#1,B0-B3-53-D1-29-59,Smoking,2/03/2025,1:26:52 PM,1:27:22 PM,1738610812,2758.8
Site 1,Henry_3RD_Floor_Stair_1_NW_Restroom_#1,B0-B3-53-D1-29-59,Vape,2/03/2025,1:30:52 PM,1:31:22 PM,1738611052,80.6
Site 1,Henry_3RD_Floor_Stair_1_NW_Restroom_#1,B0-B3-53-D1-29-59,Vape,2/04/2025,8:44:22 AM,8:44:52 AM,1738680262,41.64
Site 1,Henry_3RD_Floor_Stair_1_NW_Restroom_#1,B0-B3-53-D1-29-59,Vape,2/04/2025,10:03:28 AM,10:03:58 AM,1738685008,639.04
Site 1,Henry_3RD_Floor_Stair_1_NW_Restroom_#1,B0-B3-53-D1-29-59,Smoking,2/04/2025,10:03:52 AM,10:04:22 AM,1738685032,-175.86
Site 1,Henry_3rd_Floor_Stair_12_NE_Restrooms_#1,B0-B3-53-D1-76-21,Vape,1/31/2025,2:18:34 PM,2:19:04 PM,1738354714,345.24
Site 1,Henry_3rd_Floor_Stair_12_NE_Restrooms_#1,B0-B3-53-D1-76-21,Smoking,1/31/2025,2:19:02 PM,2:19:32 PM,1738354742,-0.36
Site 1,Henry_3rd_Floor_Stair_12_NE_Restrooms_#1,B0-B3-53-D1-76-21,Vape,1/31/2025,2:21:33 PM,2:22:19 PM,1738354893,59.25
Site 1,Henry_3rd_Floor_Stair_12_NE_Restrooms_#1,B0-B3-53-D1-76-21,Smoking,1/31/2025,2:22:16 PM,2:22:46 PM,1738354936,226.81
Site 1,Henry_3rd_Floor_Stair_12_NE_Restrooms_#1,B0-B3-53-D1-76-21,Vape,1/31/2025,2:22:38 PM,2:23:08 PM,1738354958,97.22
Site 1,Henry_3rd_Floor_Stair_12_NE_Restrooms_#1,B0-B3-53-D1-76-21,Vape,1/31/2025,2:23:14 PM,2:24:22 PM,1738354994,207.65
Site 1,Henry_3rd_Floor_Stair_12_NE_Restrooms_#1,B0-B3-53-D1-76-21,Smoking,1/31/2025,2:23:39 PM,2:24:22 PM,1738355019,546.4
Site 1,Henry_3rd_Floor_Stair_12_NE_Restrooms_#1,B0-B3-53-D1-76-21,Vape,1/31/2025,2:24:45 PM,2:25:15 PM,1738355085,244.37
Site 1,Henry_3rd_Floor_Stair_12_NE_Restrooms_#1,B0-B3-53-D1-76-21,Smoking,1/31/2025,2:25:11 PM,2:25:41 PM,1738355111,-20.41
Site 1,Henry_3rd_Floor_Stair_12_NE_Restrooms_#1,B0-B3-53-D1-76-21,Vape,1/31/2025,2:29:37 PM,2:30:08 PM,1738355377,212.35
Site 1,Henry_3rd_Floor_Stair_12_NE_Restrooms_#1,B0-B3-53-D1-76-21,Smoking,1/31/2025,2:30:06 PM,2:30:36 PM,1738355406,-211.81
Site 1,Henry_3rd_Floor_Stair_12_NE_Restrooms_#1,B0-B3-53-D1-76-21,Vape,1/31/2025,2:30:47 PM,2:31:17 PM,1738355447,118.04
Site 1,Henry_3rd_Floor_Stair_12_NE_Restrooms_#1,B0-B3-53-D1-76-21,Smoking,1/31/2025,2:31:12 PM,2:31:42 PM,1738355472,-488.11
Site 1,Henry_3rd_Floor_Stair_12_NE_Restrooms_#1,B0-B3-53-D1-76-21,Vape,1/31/2025,2:31:54 PM,2:32:44 PM,1738355514,300.34
Site 1,Henry_3rd_Floor_Stair_12_NE_Restrooms_#1,B0-B3-53-D1-76-21,Smoking,1/31/2025,2:32:21 PM,2:32:51 PM,1738355541,296.13
Site 1,Henry_3rd_Floor_Stair_12_NE_Restrooms_#1,B0-B3-53-D1-76-21,Vape,1/31/2025,2:34:34 PM,2:35:04 PM,1738355674,93.64
Site 1,Henry_3rd_Floor_Stair_12_NE_Restrooms_#1,B0-B3-53-D1-76-21,Smoking,1/31/2025,2:35:06 PM,2:35:36 PM,1738355706,-8.08
Site 1,Henry_3rd_Floor_Stair_12_NE_Restrooms_#1,B0-B3-53-D1-76-21,Vape,1/31/2025,2:38:46 PM,2:39:16 PM,1738355926,38.96
Site 1,Henry_3rd_Floor_Stair_12_NE_Restrooms_#1,B0-B3-53-D1-76-21,Vape,1/31/2025,2:39:21 PM,2:39:51 PM,1738355961,69.35
Site 1,Henry_3rd_Floor_Stair_12_NE_Restrooms_#1,B0-B3-53-D1-76-21,Vape,1/31/2025,2:39:55 PM,2:40:25 PM,1738355995,64.83
Site 1,Henry_3rd_Floor_Stair_12_NE_Restrooms_#1,B0-B3-53-D1-76-21,Vape,1/31/2025,2:44:35 PM,2:45:05 PM,1738356275,106.74
Site 1,Henry_3rd_Floor_Stair_12_NE_Restrooms_#1,B0-B3-53-D1-76-21,Vape,1/31/2025,2:45:25 PM,2:45:55 PM,1738356325,42.09
Site 1,Henry_3rd_Floor_Stair_12_NE_Restrooms_#1,B0-B3-53-D1-76-21,Vape,1/31/2025,2:47:08 PM,2:47:38 PM,1738356428,75.39
Site 1,Henry_3rd_Floor_Stair_12_NE_Restrooms_#1,B0-B3-53-D1-76-21,Vape,1/31/2025,3:01:37 PM,3:02:07 PM,1738357297,539.54
Site 1,Henry_3rd_Floor_Stair_12_NE_Restrooms_#1,B0-B3-53-D1-76-21,Smoking,1/31/2025,3:02:02 PM,3:02:32 PM,1738357322,-136.84
Site 1,Henry_3rd_Floor_Stair_12_NE_Restrooms_#1,B0-B3-53-D1-76-21,Vape,2/03/2025,8:36:20 AM,8:36:53 AM,1738593380,121.34
Site 1,Henry_3rd_Floor_Stair_12_NE_Restrooms_#1,B0-B3-53-D1-76-21,Smoking,2/03/2025,8:37:05 AM,8:37:35 AM,1738593425,-189.34
Site 1,Henry_3rd_Floor_Stair_12_NE_Restrooms_#1,B0-B3-53-D1-76-21,Vape,2/03/2025,8:37:19 AM,8:37:49 AM,1738593439,156.79
Site 1,Henry_3rd_Floor_Stair_12_NE_Restrooms_#1,B0-B3-53-D1-76-21,Vape,2/03/2025,8:39:33 AM,8:40:03 AM,1738593573,104.56
Site 1,Henry_3rd_Floor_Stair_12_NE_Restrooms_#1,B0-B3-53-D1-76-21,Vape,2/03/2025,8:40:19 AM,8:40:49 AM,1738593619,97.08
Site 1,Henry_3rd_Floor_Stair_12_NE_Restrooms_#1,B0-B3-53-D1-76-21,Vape,2/03/2025,8:41:46 AM,8:42:16 AM,1738593706,85.94
Site 1,Henry_3rd_Floor_Stair_12_NE_Restrooms_#1,B0-B3-53-D1-76-21,Vape,2/03/2025,8:43:13 AM,8:43:43 AM,1738593793,79.47
Site 1,Henry_3rd_Floor_Stair_12_NE_Restrooms_#1,B0-B3-53-D1-76-21,Vape,2/03/2025,9:53:13 AM,9:53:43 AM,1738597993,5122.3
Site 1,Henry_3rd_Floor_Stair_12_NE_Restrooms_#1,B0-B3-53-D1-76-21,Vape,2/03/2025,9:54:35 AM,9:55:05 AM,1738598075,9897.16
Site 1,Henry_3rd_Floor_Stair_12_NE_Restrooms_#1,B0-B3-53-D1-76-21,Vape,2/03/2025,9:56:15 AM,9:56:45 AM,1738598175,162.15
Site 1,Henry_3rd_Floor_Stair_12_NE_Restrooms_#1,B0-B3-53-D1-76-21,Smoking,2/03/2025,9:56:39 AM,9:57:09 AM,1738598199,-832.71
Site 1,Henry_3rd_Floor_Stair_12_NE_Restrooms_#1,B0-B3-53-D1-76-21,Vape,2/03/2025,9:56:47 AM,9:57:17 AM,1738598207,891.4
Site 1,Henry_3rd_Floor_Stair_12_NE_Restrooms_#1,B0-B3-53-D1-76-21,Vape,2/03/2025,10:01:40 AM,10:02:23 AM,1738598500,44.26
Site 1,Henry_3rd_Floor_Stair_12_NE_Restrooms_#1,B0-B3-53-D1-76-21,Smoking,2/03/2025,10:02:09 AM,10:02:39 AM,1738598529,537.43
Site 1,Henry_3rd_Floor_Stair_12_NE_Restrooms_#1,B0-B3-53-D1-76-21,Vape,2/03/2025,10:02:56 AM,10:03:26 AM,1738598576,188.81
Site 1,Henry_3rd_Floor_Stair_12_NE_Restrooms_#1,B0-B3-53-D1-76-21,Smoking,2/03/2025,10:03:25 AM,10:03:55 AM,1738598605,-1199.44
Site 1,Henry_3rd_Floor_Stair_12_NE_Restrooms_#1,B0-B3-53-D1-76-21,Vape,2/03/2025,10:03:45 AM,10:05:16 AM,1738598625,570.56
Site 1,Henry_3rd_Floor_Stair_12_NE_Restrooms_#1,B0-B3-53-D1-76-21,Smoking,2/03/2025,10:04:10 AM,10:04:46 AM,1738598650,282
Site 1,Henry_3rd_Floor_Stair_12_NE_Restrooms_#1,B0-B3-53-D1-76-21,Vape,2/03/2025,10:06:15 AM,10:06:45 AM,1738598775,181.06
Site 1,Henry_3rd_Floor_Stair_12_NE_Restrooms_#1,B0-B3-53-D1-76-21,Smoking,2/03/2025,10:06:44 AM,10:07:14 AM,1738598804,-412.01
Site 1,Henry_3rd_Floor_Stair_12_NE_Restrooms_#1,B0-B3-53-D1-76-21,Vape,2/03/2025,10:07:14 AM,10:07:44 AM,1738598834,175.09
Site 1,Henry_3rd_Floor_Stair_12_NE_Restrooms_#1,B0-B3-53-D1-76-21,Smoking,2/03/2025,10:07:41 AM,10:08:11 AM,1738598861,-487.9
Site 1,Henry_3rd_Floor_Stair_12_NE_Restrooms_#1,B0-B3-53-D1-76-21,Vape,2/03/2025,10:08:51 AM,10:09:21 AM,1738598931,150.91
Site 1,Henry_3rd_Floor_Stair_12_NE_Restrooms_#1,B0-B3-53-D1-76-21,Vape,2/03/2025,10:09:29 AM,10:10:06 AM,1738598969,163.76
Site 1,Henry_3rd_Floor_Stair_12_NE_Restrooms_#1,B0-B3-53-D1-76-21,Smoking,2/03/2025,10:09:54 AM,10:10:24 AM,1738598994,-41.8
Site 1,Henry_3rd_Floor_Stair_12_NE_Restrooms_#1,B0-B3-53-D1-76-21,Vape,2/03/2025,10:10:44 AM,10:11:14 AM,1738599044,269.87
Site 1,Henry_3rd_Floor_Stair_12_NE_Restrooms_#1,B0-B3-53-D1-76-21,Smoking,2/03/2025,10:11:12 AM,10:11:42 AM,1738599072,-319.61
Site 1,Henry_3rd_Floor_Stair_12_NE_Restrooms_#1,B0-B3-53-D1-76-21,Vape,2/03/2025,10:11:35 AM,10:12:05 AM,1738599095,144.1
Site 1,Henry_3rd_Floor_Stair_12_NE_Restrooms_#1,B0-B3-53-D1-76-21,Smoking,2/03/2025,10:12:11 AM,10:12:41 AM,1738599131,-173.08
Site 1,Henry_3rd_Floor_Stair_12_NE_Restrooms_#1,B0-B3-53-D1-76-21,Vape,2/03/2025,10:12:23 AM,10:12:53 AM,1738599143,587.74
Site 1,Henry_3rd_Floor_Stair_12_NE_Restrooms_#1,B0-B3-53-D1-76-21,Smoking,2/03/2025,10:12:50 AM,10:13:20 AM,1738599170,-535.43
Site 1,Henry_3rd_Floor_Stair_12_NE_Restrooms_#1,B0-B3-53-D1-76-21,Vape,2/03/2025,10:14:02 AM,10:14:52 AM,1738599242,38.81
Site 1,Henry_3rd_Floor_Stair_12_NE_Restrooms_#1,B0-B3-53-D1-76-21,Smoking,2/03/2025,10:14:36 AM,10:15:06 AM,1738599276,433.55
Site 1,Henry_3rd_Floor_Stair_12_NE_Restrooms_#1,B0-B3-53-D1-76-21,Vape,2/03/2025,10:15:30 AM,10:16:00 AM,1738599330,78.18
Site 1,Henry_3rd_Floor_Stair_12_NE_Restrooms_#1,B0-B3-53-D1-76-21,Vape,2/03/2025,10:17:54 AM,10:18:24 AM,1738599474,57.71
Site 1,Henry_3rd_Floor_Stair_12_NE_Restrooms_#1,B0-B3-53-D1-76-21,Vape,2/03/2025,10:19:40 AM,10:20:10 AM,1738599580,88.29
Site 1,Henry_3rd_Floor_Stair_12_NE_Restrooms_#1,B0-B3-53-D1-76-21,Vape,2/03/2025,10:20:38 AM,10:21:20 AM,1738599638,163.82
Site 1,Henry_3rd_Floor_Stair_12_NE_Restrooms_#1,B0-B3-53-D1-76-21,Vape,2/03/2025,10:21:55 AM,10:22:25 AM,1738599715,94.37
Site 1,Henry_3rd_Floor_Stair_12_NE_Restrooms_#1,B0-B3-53-D1-76-21,Vape,2/03/2025,10:23:52 AM,10:24:22 AM,1738599832,153.59
Site 1,Henry_3rd_Floor_Stair_12_NE_Restrooms_#1,B0-B3-53-D1-76-21,Vape,2/03/2025,10:24:30 AM,10:25:00 AM,1738599870,292.72
Site 1,Henry_3rd_Floor_Stair_12_NE_Restrooms_#1,B0-B3-53-D1-76-21,Vape,2/03/2025,10:27:02 AM,10:27:32 AM,1738600022,49.5
Site 1,Henry_3rd_Floor_Stair_12_NE_Restrooms_#1,B0-B3-53-D1-76-21,Vape,2/03/2025,10:28:20 AM,10:28:56 AM,1738600100,291.32
Site 1,Henry_3rd_Floor_Stair_12_NE_Restrooms_#1,B0-B3-53-D1-76-21,Vape,2/03/2025,10:35:49 AM,10:36:19 AM,1738600549,44.68
Site 1,Henry_3rd_Floor_Stair_12_NE_Restrooms_#1,B0-B3-53-D1-76-21,Vape,2/03/2025,10:37:15 AM,10:37:45 AM,1738600635,85.12
Site 1,Henry_3rd_Floor_Stair_12_NE_Restrooms_#1,B0-B3-53-D1-76-21,Vape,2/03/2025,10:38:10 AM,10:38:40 AM,1738600690,147.36
Site 1,Henry_3rd_Floor_Stair_12_NE_Restrooms_#1,B0-B3-53-D1-76-21,Masking,2/03/2025,11:11:24 AM,11:11:54 AM,1738602684,39.46
Site 1,Henry_3rd_Floor_Stair_12_NE_Restrooms_#1,B0-B3-53-D1-76-21,Vape,2/03/2025,11:26:29 AM,11:28:37 AM,1738603589,113.99
Site 1,Henry_3rd_Floor_Stair_12_NE_Restrooms_#1,B0-B3-53-D1-76-21,Smoking,2/03/2025,11:27:03 AM,11:27:33 AM,1738603623,132.81
Site 1,Henry_3rd_Floor_Stair_12_NE_Restrooms_#1,B0-B3-53-D1-76-21,Smoking,2/03/2025,11:27:35 AM,11:28:05 AM,1738603655,459.85
Site 1,Henry_3rd_Floor_Stair_12_NE_Restrooms_#1,B0-B3-53-D1-76-21,Vape,2/03/2025,11:28:42 AM,11:29:12 AM,1738603722,47.94
Site 1,Henry_3rd_Floor_Stair_12_NE_Restrooms_#1,B0-B3-53-D1-76-21,Vape,2/03/2025,11:45:28 AM,11:45:58 AM,1738604728,523.8
Site 1,Henry_3rd_Floor_Stair_12_NE_Restrooms_#1,B0-B3-53-D1-76-21,Smoking,2/03/2025,11:45:52 AM,11:46:22 AM,1738604752,20.13
Site 1,Henry_3rd_Floor_Stair_12_NE_Restrooms_#1,B0-B3-53-D1-76-21,Vape,2/03/2025,11:46:03 AM,11:46:33 AM,1738604763,78.84
Site 1,Henry_3rd_Floor_Stair_12_NE_Restrooms_#1,B0-B3-53-D1-76-21,Vape,2/03/2025,11:52:28 AM,11:54:31 AM,1738605148,261.39
Site 1,Henry_3rd_Floor_Stair_12_NE_Restrooms_#1,B0-B3-53-D1-76-21,Smoking,2/03/2025,11:52:53 AM,11:53:47 AM,1738605173,540.81
Site 1,Henry_3rd_Floor_Stair_12_NE_Restrooms_#1,B0-B3-53-D1-76-21,Vape,2/03/2025,11:54:43 AM,11:55:25 AM,1738605283,237.2
Site 1,Henry_3rd_Floor_Stair_12_NE_Restrooms_#1,B0-B3-53-D1-76-21,Smoking,2/03/2025,11:55:09 AM,11:56:36 AM,1738605309,281.06
Site 1,Henry_3rd_Floor_Stair_12_NE_Restrooms_#1,B0-B3-53-D1-76-21,Vape,2/03/2025,11:55:39 AM,11:56:59 AM,1738605339,571.94
Site 1,Henry_3rd_Floor_Stair_12_NE_Restrooms_#1,B0-B3-53-D1-76-21,Vape,2/03/2025,11:57:04 AM,11:57:34 AM,1738605424,45.82
Site 1,Henry_3rd_Floor_Stair_12_NE_Restrooms_#1,B0-B3-53-D1-76-21,Smoking,2/03/2025,11:57:14 AM,11:57:44 AM,1738605434,59.01
Site 1,Henry_3rd_Floor_Stair_12_NE_Restrooms_#1,B0-B3-53-D1-76-21,Vape,2/03/2025,12:17:18 PM,12:17:48 PM,1738606638,46.38
Site 1,Henry_3rd_Floor_Stair_12_NE_Restrooms_#1,B0-B3-53-D1-76-21,Vape,2/03/2025,12:18:00 PM,12:18:30 PM,1738606680,68.41
Site 1,Henry_3rd_Floor_Stair_12_NE_Restrooms_#1,B0-B3-53-D1-76-21,Vape,2/03/2025,12:20:47 PM,12:21:17 PM,1738606847,92.06
Site 1,Henry_3rd_Floor_Stair_12_NE_Restrooms_#1,B0-B3-53-D1-76-21,Vape,2/03/2025,1:55:58 PM,1:56:29 PM,1738612558,248.06
Site 1,Henry_3rd_Floor_Stair_12_NE_Restrooms_#1,B0-B3-53-D1-76-21,Smoking,2/03/2025,1:56:22 PM,1:56:52 PM,1738612582,872.87
Site 1,Henry_3rd_Floor_Stair_12_NE_Restrooms_#1,B0-B3-53-D1-76-21,Vape,2/03/2025,1:56:42 PM,1:57:16 PM,1738612602,11634.51
Site 1,Henry_3rd_Floor_Stair_12_NE_Restrooms_#1,B0-B3-53-D1-76-21,Smoking,2/03/2025,1:57:06 PM,1:57:36 PM,1738612626,7225.17
Site 1,Henry_3rd_Floor_Stair_12_NE_Restrooms_#1,B0-B3-53-D1-76-21,Vape,2/03/2025,1:57:22 PM,1:57:52 PM,1738612642,4129.81
Site 1,Henry_3rd_Floor_Stair_12_NE_Restrooms_#1,B0-B3-53-D1-76-21,Smoking,2/03/2025,1:57:47 PM,1:58:19 PM,1738612667,-966.21
Site 1,Henry_3rd_Floor_Stair_12_NE_Restrooms_#1,B0-B3-53-D1-76-21,Vape,2/03/2025,1:57:54 PM,1:58:24 PM,1738612674,942.91
Site 1,Henry_3rd_Floor_Stair_12_NE_Restrooms_#1,B0-B3-53-D1-76-21,Vape,2/03/2025,2:00:02 PM,2:00:32 PM,1738612802,161.88
Site 1,Henry_3rd_Floor_Stair_12_NE_Restrooms_#1,B0-B3-53-D1-76-21,Smoking,2/03/2025,2:00:26 PM,2:00:56 PM,1738612826,-2015.96
Site 1,Henry_3rd_Floor_Stair_12_NE_Restrooms_#1,B0-B3-53-D1-76-21,Vape,2/03/2025,2:02:19 PM,2:02:49 PM,1738612939,1477.02
Site 1,Henry_3rd_Floor_Stair_12_NE_Restrooms_#1,B0-B3-53-D1-76-21,Smoking,2/03/2025,2:02:44 PM,2:03:14 PM,1738612964,-2691.3
Site 1,Henry_3rd_Floor_Stair_12_NE_Restrooms_#1,B0-B3-53-D1-76-21,Vape,2/03/2025,2:03:37 PM,2:04:08 PM,1738613017,104.7
Site 1,Henry_3rd_Floor_Stair_12_NE_Restrooms_#1,B0-B3-53-D1-76-21,Vape,2/03/2025,2:04:26 PM,2:04:56 PM,1738613066,724.16
Site 1,Henry_3rd_Floor_Stair_12_NE_Restrooms_#1,B0-B3-53-D1-76-21,Smoking,2/03/2025,2:04:50 PM,2:05:20 PM,1738613090,367.4
Site 1,Henry_3rd_Floor_Stair_12_NE_Restrooms_#1,B0-B3-53-D1-76-21,Vape,2/03/2025,2:05:58 PM,2:06:28 PM,1738613158,47.02
Site 1,Henry_3rd_Floor_Stair_12_NE_Restrooms_#1,B0-B3-53-D1-76-21,Smoking,2/03/2025,2:06:34 PM,2:07:38 PM,1738613194,200.96
Site 1,Henry_3rd_Floor_Stair_12_NE_Restrooms_#1,B0-B3-53-D1-76-21,Vape,2/03/2025,2:06:35 PM,2:07:05 PM,1738613195,235.86
Site 1,Henry_3rd_Floor_Stair_12_NE_Restrooms_#1,B0-B3-53-D1-76-21,Vape,2/03/2025,2:07:08 PM,2:07:38 PM,1738613228,306.56
Site 1,Henry_3rd_Floor_Stair_12_NE_Restrooms_#1,B0-B3-53-D1-76-21,Vape,2/03/2025,2:07:55 PM,2:08:25 PM,1738613275,89.95
Site 1,Henry_3rd_Floor_Stair_12_NE_Restrooms_#1,B0-B3-53-D1-76-21,Smoking,2/03/2025,2:08:19 PM,2:08:49 PM,1738613299,8.34
Site 1,Henry_3rd_Floor_Stair_12_NE_Restrooms_#1,B0-B3-53-D1-76-21,Vape,2/03/2025,2:09:11 PM,2:09:41 PM,1738613351,158.94
Site 1,Henry_3rd_Floor_Stair_12_NE_Restrooms_#1,B0-B3-53-D1-76-21,Smoking,2/03/2025,2:09:37 PM,2:11:47 PM,1738613377,-327.12
Site 1,Henry_3rd_Floor_Stair_12_NE_Restrooms_#1,B0-B3-53-D1-76-21,Vape,2/03/2025,2:09:44 PM,2:10:14 PM,1738613384,92.73
Site 1,Henry_3rd_Floor_Stair_12_NE_Restrooms_#1,B0-B3-53-D1-76-21,Vape,2/03/2025,2:10:39 PM,2:11:09 PM,1738613439,805.24
Site 1,Henry_3rd_Floor_Stair_12_NE_Restrooms_#1,B0-B3-53-D1-76-21,Vape,2/03/2025,2:11:21 PM,2:11:51 PM,1738613481,777.01
Site 1,Henry_3rd_Floor_Stair_12_NE_Restrooms_#1,B0-B3-53-D1-76-21,Vape,2/03/2025,2:12:05 PM,2:12:35 PM,1738613525,212.43
Site 1,Henry_3rd_Floor_Stair_12_NE_Restrooms_#1,B0-B3-53-D1-76-21,Smoking,2/03/2025,2:12:30 PM,2:14:05 PM,1738613550,-321.19
Site 1,Henry_3rd_Floor_Stair_12_NE_Restrooms_#1,B0-B3-53-D1-76-21,Vape,2/03/2025,2:12:47 PM,2:13:17 PM,1738613567,415.32
Site 1,Henry_3rd_Floor_Stair_12_NE_Restrooms_#1,B0-B3-53-D1-76-21,Vape,2/03/2025,2:13:21 PM,2:13:51 PM,1738613601,391.7
Site 1,Henry_3rd_Floor_Stair_12_NE_Restrooms_#1,B0-B3-53-D1-76-21,Vape,2/03/2025,2:14:25 PM,2:14:55 PM,1738613665,42.18
Site 1,Henry_3rd_Floor_Stair_12_NE_Restrooms_#1,B0-B3-53-D1-76-21,Smoking,2/03/2025,2:14:50 PM,2:15:20 PM,1738613690,-170.21
Site 1,Henry_3rd_Floor_Stair_12_NE_Restrooms_#1,B0-B3-53-D1-76-21,Vape,2/03/2025,2:15:21 PM,2:16:02 PM,1738613721,37.95
Site 1,Henry_3rd_Floor_Stair_12_NE_Restrooms_#1,B0-B3-53-D1-76-21,Smoking,2/03/2025,2:15:45 PM,2:16:21 PM,1738613745,174.45
Site 1,Henry_3rd_Floor_Stair_12_NE_Restrooms_#1,B0-B3-53-D1-76-21,Vape,2/03/2025,2:16:49 PM,2:17:19 PM,1738613809,206.68
Site 1,Henry_3rd_Floor_Stair_12_NE_Restrooms_#1,B0-B3-53-D1-76-21,Smoking,2/03/2025,2:17:16 PM,2:17:46 PM,1738613836,-251.25
Site 1,Henry_3rd_Floor_Stair_12_NE_Restrooms_#1,B0-B3-53-D1-76-21,Vape,2/03/2025,2:17:30 PM,2:18:17 PM,1738613850,69.1
Site 1,Henry_3rd_Floor_Stair_12_NE_Restrooms_#1,B0-B3-53-D1-76-21,Smoking,2/03/2025,2:17:55 PM,2:18:25 PM,1738613875,1235.85
Site 1,Henry_3rd_Floor_Stair_12_NE_Restrooms_#1,B0-B3-53-D1-76-21,Vape,2/03/2025,2:55:02 PM,2:55:32 PM,1738616102,41
Site 1,Henry_3rd_Floor_Stair_12_NE_Restrooms_#1,B0-B3-53-D1-76-21,Vape,2/03/2025,2:55:44 PM,2:56:14 PM,1738616144,272.75
Site 1,Henry_3rd_Floor_Stair_12_NE_Restrooms_#1,B0-B3-53-D1-76-21,Vape,2/03/2025,2:56:46 PM,2:57:23 PM,1738616206,191.31
Site 1,Henry_3rd_Floor_Stair_12_NE_Restrooms_#1,B0-B3-53-D1-76-21,Vape,2/03/2025,2:57:46 PM,2:58:50 PM,1738616266,190.45
Site 1,Henry_3rd_Floor_Stair_12_NE_Restrooms_#1,B0-B3-53-D1-76-21,Smoking,2/03/2025,2:58:11 PM,2:58:54 PM,1738616291,49.51
Site 1,Henry_3rd_Floor_Stair_12_NE_Restrooms_#1,B0-B3-53-D1-76-21,Vape,2/03/2025,2:59:25 PM,3:00:31 PM,1738616365,178.63
Site 1,Henry_3rd_Floor_Stair_12_NE_Restrooms_#1,B0-B3-53-D1-76-21,Smoking,2/03/2025,2:59:51 PM,3:00:21 PM,1738616391,439.66
Site 1,Henry_3rd_Floor_Stair_12_NE_Restrooms_#1,B0-B3-53-D1-76-21,Vape,2/04/2025,9:18:18 AM,9:18:48 AM,1738682298,48.77
Site 1,Henry_3rd_Floor_Stair_12_NE_Restrooms_#1,B0-B3-53-D1-76-21,Vape,2/04/2025,9:19:18 AM,9:20:29 AM,1738682358,35.55
Site 1,Henry_3rd_Floor_Stair_12_NE_Restrooms_#1,B0-B3-53-D1-76-21,Smoking,2/04/2025,9:19:51 AM,9:20:21 AM,1738682391,1234.55
Site 1,Henry_3rd_Floor_Stair_12_NE_Restrooms_#1,B0-B3-53-D1-76-21,Vape,2/04/2025,9:25:53 AM,9:26:23 AM,1738682753,565.94
Site 1,Henry_3rd_Floor_Stair_12_NE_Restrooms_#1,B0-B3-53-D1-76-21,Vape,2/04/2025,9:57:41 AM,9:58:11 AM,1738684661,122.05
Site 1,Henry_3rd_Floor_Stair_12_NE_Restrooms_#1,B0-B3-53-D1-76-21,Smoking,2/04/2025,9:58:06 AM,9:58:36 AM,1738684686,-98.84
Site 1,Henry_3rd_Floor_Stair_12_NE_Restrooms_#1,B0-B3-53-D1-76-21,Vape,2/04/2025,9:58:33 AM,9:59:03 AM,1738684713,171.06
Site 1,Henry_3rd_Floor_Stair_12_NE_Restrooms_#1,B0-B3-53-D1-76-21,Smoking,2/04/2025,9:58:58 AM,9:59:28 AM,1738684738,-91.22
Site 1,Henry_3rd_Floor_Stair_12_NE_Restrooms_#1,B0-B3-53-D1-76-21,Vape,2/04/2025,9:59:25 AM,9:59:55 AM,1738684765,256.18
Site 1,Henry_3rd_Floor_Stair_12_NE_Restrooms_#1,B0-B3-53-D1-76-21,Smoking,2/04/2025,9:59:52 AM,10:00:22 AM,1738684792,-48.87
Site 1,Henry_3rd_Floor_Stair_12_NE_Restrooms_#1,B0-B3-53-D1-76-21,Vape,2/04/2025,10:34:49 AM,10:35:19 AM,1738686889,66.2
Site 1,Henry_3rd_Floor_Stair_12_NE_Restrooms_#1,B0-B3-53-D1-76-21,Smoking,2/04/2025,10:35:25 AM,10:35:55 AM,1738686925,33.34
Site 1,Henry_3rd_Floor_Stair_12_NE_Restrooms_#1,B0-B3-53-D1-76-21,Vape,2/04/2025,10:36:24 AM,10:36:54 AM,1738686984,195.82
Site 1,Henry_3rd_Floor_Stair_12_NE_Restrooms_#1,B0-B3-53-D1-76-21,Vape,2/04/2025,10:40:09 AM,10:40:39 AM,1738687209,91.2
Site 1,Henry_3rd_Floor_Stair_12_NE_Restrooms_#1,B0-B3-53-D1-76-21,Vape,2/04/2025,11:03:04 AM,11:03:40 AM,1738688584,49.4
Site 1,Henry_3rd_Floor_Stair_12_NE_Restrooms_#1,B0-B3-53-D1-76-21,Masking,2/04/2025,1:25:17 PM,1:25:52 PM,1738697117,285.26
Site 1,Henry_3rd_Floor_Stair_12_NE_Restrooms_#1,B0-B3-53-D1-76-21,Vape,2/04/2025,1:27:10 PM,1:27:40 PM,1738697230,2046.69
Site 1,Henry_3rd_Floor_Stair_12_NE_Restrooms_#1,B0-B3-53-D1-76-21,Smoking,2/04/2025,1:27:34 PM,1:28:04 PM,1738697254,-3107.46
Site 1,Henry_3rd_Floor_Stair_12_NE_Restrooms_#1,B0-B3-53-D1-76-21,Smoking,2/04/2025,1:28:06 PM,1:28:36 PM,1738697286,-2393.43
Site 1,Henry_3rd_Floor_Stair_12_NE_Restrooms_#1,B0-B3-53-D1-76-21,Vape,2/04/2025,1:43:25 PM,1:43:55 PM,1738698205,93.39
Site 1,Henry_3rd_Floor_Stair_12_NE_Restrooms_#1,B0-B3-53-D1-76-21,Vape,2/04/2025,2:33:07 PM,2:33:37 PM,1738701187,92.15
Site 1,Henry_3rd_Floor_Stair_12_NE_Restrooms_#1,B0-B3-53-D1-76-21,Smoking,2/04/2025,2:33:46 PM,2:34:16 PM,1738701226,-33.41
Site 1,Henry_3rd_Floor_Stair_14_SW_Restroom_#1,B0-B3-53-D1-29-4F,Vape,1/31/2025,2:20:23 PM,2:20:53 PM,1738354823,72.02
Site 1,Henry_3rd_Floor_Stair_14_SW_Restroom_#1,B0-B3-53-D1-29-4F,Vape,1/31/2025,2:22:28 PM,2:22:58 PM,1738354948,35.21
Site 1,Henry_3rd_Floor_Stair_14_SW_Restroom_#1,B0-B3-53-D1-29-4F,Vape,1/31/2025,2:23:00 PM,2:23:30 PM,1738354980,60.8
Site 1,Henry_3rd_Floor_Stair_14_SW_Restroom_#1,B0-B3-53-D1-29-4F,Vape,1/31/2025,2:26:56 PM,2:27:26 PM,1738355216,72.59
Site 1,Henry_3rd_Floor_Stair_14_SW_Restroom_#1,B0-B3-53-D1-29-4F,Vape,2/03/2025,8:50:25 AM,8:51:18 AM,1738594225,98.23
Site 1,Henry_3rd_Floor_Stair_14_SW_Restroom_#1,B0-B3-53-D1-29-4F,Vape,2/03/2025,8:51:28 AM,8:51:58 AM,1738594288,44.21
Site 1,Henry_3rd_Floor_Stair_14_SW_Restroom_#1,B0-B3-53-D1-29-4F,Vape,2/03/2025,9:32:15 AM,9:32:45 AM,1738596735,42.17
Site 1,Henry_3rd_Floor_Stair_14_SW_Restroom_#1,B0-B3-53-D1-29-4F,Masking,2/03/2025,10:13:59 AM,10:14:29 AM,1738599239,125.72
Site 1,Henry_3rd_Floor_Stair_14_SW_Restroom_#1,B0-B3-53-D1-29-4F,Masking,2/03/2025,10:14:55 AM,10:15:25 AM,1738599295,171.76
Site 1,Henry_3rd_Floor_Stair_14_SW_Restroom_#1,B0-B3-53-D1-29-4F,Vape,2/03/2025,12:36:09 PM,12:36:59 PM,1738607769,144.63
Site 1,Henry_3rd_Floor_Stair_14_SW_Restroom_#1,B0-B3-53-D1-29-4F,Smoking,2/03/2025,12:36:39 PM,12:37:09 PM,1738607799,241.37
Site 1,Henry_3rd_Floor_Stair_14_SW_Restroom_#1,B0-B3-53-D1-29-4F,Vape,2/03/2025,12:37:23 PM,12:37:53 PM,1738607843,189.08
Site 1,Henry_3rd_Floor_Stair_14_SW_Restroom_#1,B0-B3-53-D1-29-4F,Smoking,2/03/2025,12:37:56 PM,12:38:26 PM,1738607876,-178.17
Site 1,Henry_3rd_Floor_Stair_14_SW_Restroom_#1,B0-B3-53-D1-29-4F,Vape,2/03/2025,12:55:43 PM,12:56:13 PM,1738608943,123.89
Site 1,Henry_3rd_Floor_Stair_14_SW_Restroom_#1,B0-B3-53-D1-29-4F,Vape,2/03/2025,12:59:37 PM,1:00:07 PM,1738609177,415.85
Site 1,Henry_3rd_Floor_Stair_14_SW_Restroom_#1,B0-B3-53-D1-29-4F,Smoking,2/03/2025,1:00:02 PM,1:00:32 PM,1738609202,-44.39
Site 1,Henry_3rd_Floor_Stair_14_SW_Restroom_#1,B0-B3-53-D1-29-4F,Vape,2/03/2025,1:12:46 PM,1:13:16 PM,1738609966,93.13
Site 1,Henry_3rd_Floor_Stair_14_SW_Restroom_#1,B0-B3-53-D1-29-4F,Vape,2/03/2025,1:29:31 PM,1:30:19 PM,1738610971,152.31
Site 1,Henry_3rd_Floor_Stair_14_SW_Restroom_#1,B0-B3-53-D1-29-4F,Vape,2/03/2025,2:45:27 PM,2:46:39 PM,1738615527,591.37
Site 1,Henry_3rd_Floor_Stair_14_SW_Restroom_#1,B0-B3-53-D1-29-4F,Smoking,2/03/2025,2:45:52 PM,2:46:39 PM,1738615552,2216.21
Site 1,Henry_3rd_Floor_Stair_14_SW_Restroom_#1,B0-B3-53-D1-29-4F,Vape,2/03/2025,2:49:55 PM,2:50:25 PM,1738615795,15632.8
Site 1,Henry_3rd_Floor_Stair_14_SW_Restroom_#1,B0-B3-53-D1-29-4F,Vape,2/04/2025,8:38:30 AM,8:39:17 AM,1738679910,626.84
Site 1,Henry_3rd_Floor_Stair_14_SW_Restroom_#1,B0-B3-53-D1-29-4F,Smoking,2/04/2025,8:38:56 AM,8:39:26 AM,1738679936,1293.35
Site 1,Henry_3rd_Floor_Stair_14_SW_Restroom_#1,B0-B3-53-D1-29-4F,Vape,2/04/2025,10:15:40 AM,10:16:10 AM,1738685740,42.44
Site 1,Henry_3rd_Floor_Stair_14_SW_Restroom_#1,B0-B3-53-D1-29-4F,Vape,2/04/2025,10:45:36 AM,10:46:06 AM,1738687536,43.68
Site 1,Henry_3rd_Floor_Stair_14_SW_Restroom_#1,B0-B3-53-D1-29-4F,Vape,2/04/2025,12:37:01 PM,12:37:31 PM,1738694221,442.76
Site 1,Henry_3rd_Floor_Stair_14_SW_Restroom_#1,B0-B3-53-D1-29-4F,Vape,2/04/2025,1:09:33 PM,1:10:06 PM,1738696173,86.05
Site 1,Henry_3rd_Floor_Stair_14_SW_Restroom_#1,B0-B3-53-D1-29-4F,Vape,2/04/2025,2:01:20 PM,2:01:50 PM,1738699280,44.31
Site 1,Henry_3rd_Floor_Stair_14_SW_Restroom_#1,B0-B3-53-D1-29-4F,Vape,2/04/2025,2:21:29 PM,2:21:59 PM,1738700489,69.17
Site 1,Henry_3rd_Floor_Stair_14_SW_Restroom_#1,B0-B3-53-D1-29-4F,Vape,2/04/2025,2:35:08 PM,2:36:24 PM,1738701308,3003.12
Site 1,Henry_3rd_Floor_Stair_14_SW_Restroom_#1,B0-B3-53-D1-29-4F,Smoking,2/04/2025,2:35:32 PM,2:36:16 PM,1738701332,-137.64
Site 1,Henry_3rd_Floor_Stair_14_SW_Restroom_#1,B0-B3-53-D1-29-4F,Vape,2/04/2025,2:36:31 PM,2:37:01 PM,1738701391,293.71
Site 1,Henry_3rd_Floor_Stair_14_SW_Restroom_#1,B0-B3-53-D1-29-4F,Smoking,2/04/2025,2:36:56 PM,2:37:26 PM,1738701416,-822.01
Site 1,Roosevelt_1st_floor_144_North_Sensor,B0-B3-53-D1-76-35,Vape,1/31/2025,2:27:17 PM,2:27:47 PM,1738355237,323.64
Site 1,Roosevelt_1st_floor_144_North_Sensor,B0-B3-53-D1-76-35,Smoking,1/31/2025,2:27:44 PM,2:28:14 PM,1738355264,5.95
Site 1,Roosevelt_1st_floor_144_North_Sensor,B0-B3-53-D1-76-35,Vape,1/31/2025,2:27:49 PM,2:28:19 PM,1738355269,1434.93
Site 1,Roosevelt_1st_floor_144_North_Sensor,B0-B3-53-D1-76-35,Smoking,1/31/2025,2:28:26 PM,2:28:56 PM,1738355306,-136.32
Site 1,Roosevelt_1st_floor_144_North_Sensor,B0-B3-53-D1-76-35,Vape,1/31/2025,2:28:38 PM,2:29:10 PM,1738355318,689.29
Site 1,Roosevelt_1st_floor_144_North_Sensor,B0-B3-53-D1-76-35,Smoking,1/31/2025,2:29:02 PM,2:29:32 PM,1738355342,130.01
Site 1,Roosevelt_1st_floor_144_North_Sensor,B0-B3-53-D1-76-35,Vape,1/31/2025,4:18:19 PM,4:18:49 PM,1738361899,48.3
Site 1,Roosevelt_1st_floor_144_North_Sensor,B0-B3-53-D1-76-35,Vape,1/31/2025,4:20:35 PM,4:21:05 PM,1738362035,38.08
Site 1,Roosevelt_1st_floor_144_North_Sensor,B0-B3-53-D1-76-35,Vape,1/31/2025,4:21:19 PM,4:21:49 PM,1738362079,42.29
Site 1,Roosevelt_1st_floor_144_North_Sensor,B0-B3-53-D1-76-35,Vape,1/31/2025,4:22:57 PM,4:23:27 PM,1738362177,45.25
Site 1,Roosevelt_1st_floor_144_North_Sensor,B0-B3-53-D1-76-35,Vape,1/31/2025,5:22:21 PM,5:22:51 PM,1738365741,173.65
Site 1,Roosevelt_1st_floor_144_North_Sensor,B0-B3-53-D1-76-35,Smoking,1/31/2025,5:22:51 PM,5:23:21 PM,1738365771,-81.94
Site 1,Roosevelt_1st_floor_144_North_Sensor,B0-B3-53-D1-76-35,Vape,1/31/2025,5:23:09 PM,5:23:39 PM,1738365789,97.98
Site 1,Roosevelt_1st_floor_144_North_Sensor,B0-B3-53-D1-76-35,Vape,1/31/2025,5:24:08 PM,5:24:47 PM,1738365848,129.33
Site 1,Roosevelt_1st_floor_144_North_Sensor,B0-B3-53-D1-76-35,Vape,1/31/2025,5:25:26 PM,5:25:56 PM,1738365926,48.67
Site 1,Roosevelt_1st_floor_144_North_Sensor,B0-B3-53-D1-76-35,Vape,1/31/2025,5:26:46 PM,5:27:16 PM,1738366006,96.58
Site 1,Roosevelt_1st_floor_144_North_Sensor,B0-B3-53-D1-76-35,Vape,1/31/2025,5:27:56 PM,5:28:26 PM,1738366076,68.55
Site 1,Roosevelt_1st_floor_144_North_Sensor,B0-B3-53-D1-76-35,Vape,2/03/2025,8:12:18 AM,8:12:48 AM,1738591938,142.64
Site 1,Roosevelt_1st_floor_144_North_Sensor,B0-B3-53-D1-76-35,Vape,2/03/2025,8:16:06 AM,8:16:36 AM,1738592166,82.75
Site 1,Roosevelt_1st_floor_144_North_Sensor,B0-B3-53-D1-76-35,Vape,2/03/2025,8:21:54 AM,8:22:24 AM,1738592514,83.67
Site 1,Roosevelt_1st_floor_144_North_Sensor,B0-B3-53-D1-76-35,Vape,2/03/2025,8:40:00 AM,8:40:30 AM,1738593600,95.87
Site 1,Roosevelt_1st_floor_144_North_Sensor,B0-B3-53-D1-76-35,Vape,2/03/2025,8:42:32 AM,8:43:02 AM,1738593752,46.25
Site 1,Roosevelt_1st_floor_144_North_Sensor,B0-B3-53-D1-76-35,Vape,2/03/2025,9:04:03 AM,9:04:33 AM,1738595043,197.6
Site 1,Roosevelt_1st_floor_144_North_Sensor,B0-B3-53-D1-76-35,Smoking,2/03/2025,9:04:29 AM,9:04:59 AM,1738595069,65.78
Site 1,Roosevelt_1st_floor_144_North_Sensor,B0-B3-53-D1-76-35,Vape,2/03/2025,9:04:44 AM,9:05:14 AM,1738595084,117.5
Site 1,Roosevelt_1st_floor_144_North_Sensor,B0-B3-53-D1-76-35,Vape,2/03/2025,9:05:50 AM,9:06:20 AM,1738595150,117.78
Site 1,Roosevelt_1st_floor_144_North_Sensor,B0-B3-53-D1-76-35,Smoking,2/03/2025,9:06:15 AM,9:06:45 AM,1738595175,-11.39
Site 1,Roosevelt_1st_floor_144_North_Sensor,B0-B3-53-D1-76-35,Vape,2/03/2025,9:06:27 AM,9:06:57 AM,1738595187,75.89
Site 1,Roosevelt_1st_floor_144_North_Sensor,B0-B3-53-D1-76-35,Vape,2/03/2025,9:07:20 AM,9:07:51 AM,1738595240,196.39
Site 1,Roosevelt_1st_floor_144_North_Sensor,B0-B3-53-D1-76-35,Smoking,2/03/2025,9:08:14 AM,9:08:44 AM,1738595294,-103.65
Site 1,Roosevelt_1st_floor_144_North_Sensor,B0-B3-53-D1-76-35,Vape,2/03/2025,9:29:40 AM,9:30:10 AM,1738596580,43.75
Site 1,Roosevelt_1st_floor_144_North_Sensor,B0-B3-53-D1-76-35,Vape,2/03/2025,9:30:24 AM,9:30:54 AM,1738596624,82.85
Site 1,Roosevelt_1st_floor_144_North_Sensor,B0-B3-53-D1-76-35,Vape,2/03/2025,9:31:08 AM,9:31:38 AM,1738596668,86.27
Site 1,Roosevelt_1st_floor_144_North_Sensor,B0-B3-53-D1-76-35,Vape,2/03/2025,10:10:07 AM,10:10:37 AM,1738599007,173.06
Site 1,Roosevelt_1st_floor_144_North_Sensor,B0-B3-53-D1-76-35,Smoking,2/03/2025,10:10:43 AM,10:11:13 AM,1738599043,175.96
Site 1,Roosevelt_1st_floor_144_North_Sensor,B0-B3-53-D1-76-35,Vape,2/03/2025,10:10:43 AM,10:11:13 AM,1738599043,175.96
Site 1,Roosevelt_1st_floor_144_North_Sensor,B0-B3-53-D1-76-35,Vape,2/03/2025,10:50:27 AM,10:51:11 AM,1738601427,43.61
Site 1,Roosevelt_1st_floor_144_North_Sensor,B0-B3-53-D1-76-35,Smoking,2/03/2025,10:51:13 AM,10:51:43 AM,1738601473,-63.01
Site 1,Roosevelt_1st_floor_144_North_Sensor,B0-B3-53-D1-76-35,Vape,2/03/2025,10:52:11 AM,10:52:41 AM,1738601531,86.41
Site 1,Roosevelt_1st_floor_144_North_Sensor,B0-B3-53-D1-76-35,Vape,2/03/2025,11:06:12 AM,11:06:42 AM,1738602372,165.94
Site 1,Roosevelt_1st_floor_144_North_Sensor,B0-B3-53-D1-76-35,Vape,2/03/2025,11:07:01 AM,11:07:31 AM,1738602421,123.6
Site 1,Roosevelt_1st_floor_144_North_Sensor,B0-B3-53-D1-76-35,Vape,2/03/2025,12:59:13 PM,12:59:43 PM,1738609153,712.11
Site 1,Roosevelt_1st_floor_144_North_Sensor,B0-B3-53-D1-76-35,Smoking,2/03/2025,12:59:38 PM,1:00:08 PM,1738609178,58.58
Site 1,Roosevelt_1st_floor_144_North_Sensor,B0-B3-53-D1-76-35,Vape,2/03/2025,1:01:09 PM,1:01:39 PM,1738609269,43.34
Site 1,Roosevelt_1st_floor_144_North_Sensor,B0-B3-53-D1-76-35,Vape,2/03/2025,1:54:16 PM,1:54:46 PM,1738612456,105.62
Site 1,Roosevelt_1st_floor_144_North_Sensor,B0-B3-53-D1-76-35,Vape,2/03/2025,1:55:00 PM,1:56:02 PM,1738612500,81.18
Site 1,Roosevelt_1st_floor_144_North_Sensor,B0-B3-53-D1-76-35,Vape,2/03/2025,5:16:40 PM,5:17:13 PM,1738624600,109.76
Site 1,Roosevelt_1st_floor_144_North_Sensor,B0-B3-53-D1-76-35,Smoking,2/03/2025,5:17:14 PM,5:17:44 PM,1738624634,-5.94
Site 1,Roosevelt_1st_floor_144_North_Sensor,B0-B3-53-D1-76-35,Vape,2/03/2025,5:17:35 PM,5:18:07 PM,1738624655,70.8
Site 1,Roosevelt_1st_floor_144_North_Sensor,B0-B3-53-D1-76-35,Vape,2/03/2025,5:18:22 PM,5:18:52 PM,1738624702,115.84
Site 1,Roosevelt_1st_floor_144_North_Sensor,B0-B3-53-D1-76-35,Vape,2/03/2025,5:19:12 PM,5:19:42 PM,1738624752,257.31
Site 1,Roosevelt_1st_floor_144_North_Sensor,B0-B3-53-D1-76-35,Smoking,2/03/2025,5:19:39 PM,5:20:09 PM,1738624779,-23.66
Site 1,Roosevelt_1st_floor_144_North_Sensor,B0-B3-53-D1-76-35,Vape,2/03/2025,5:19:53 PM,5:20:23 PM,1738624793,101.06
Site 1,Roosevelt_1st_floor_144_North_Sensor,B0-B3-53-D1-76-35,Vape,2/03/2025,5:20:51 PM,5:21:21 PM,1738624851,66.55
Site 1,Roosevelt_1st_floor_144_North_Sensor,B0-B3-53-D1-76-35,Vape,2/03/2025,5:21:32 PM,5:22:02 PM,1738624892,69.24
Site 1,Roosevelt_1st_floor_144_North_Sensor,B0-B3-53-D1-76-35,Vape,2/03/2025,5:23:11 PM,5:23:41 PM,1738624991,70.07
Site 1,Roosevelt_1st_floor_144_North_Sensor,B0-B3-53-D1-76-35,Vape,2/03/2025,5:24:27 PM,5:24:57 PM,1738625067,41.29
Site 1,Roosevelt_1st_floor_144_North_Sensor,B0-B3-53-D1-76-35,Vape,2/04/2025,8:03:02 AM,8:03:32 AM,1738677782,58.45
Site 1,Roosevelt_1st_floor_144_North_Sensor,B0-B3-53-D1-76-35,Vape,2/04/2025,8:05:33 AM,8:06:03 AM,1738677933,60.61
Site 1,Roosevelt_1st_floor_144_North_Sensor,B0-B3-53-D1-76-35,Vape,2/04/2025,8:06:12 AM,8:06:42 AM,1738677972,88.65
Site 1,Roosevelt_1st_floor_144_North_Sensor,B0-B3-53-D1-76-35,Vape,2/04/2025,8:07:18 AM,8:07:50 AM,1738678038,237.04
Site 1,Roosevelt_1st_floor_144_North_Sensor,B0-B3-53-D1-76-35,Smoking,2/04/2025,8:07:43 AM,8:08:13 AM,1738678063,74.92
Site 1,Roosevelt_1st_floor_144_North_Sensor,B0-B3-53-D1-76-35,Vape,2/04/2025,8:08:18 AM,8:08:48 AM,1738678098,337.18
Site 1,Roosevelt_1st_floor_144_North_Sensor,B0-B3-53-D1-76-35,Smoking,2/04/2025,8:08:44 AM,8:09:14 AM,1738678124,-142.56
Site 1,Roosevelt_1st_floor_144_North_Sensor,B0-B3-53-D1-76-35,Vape,2/04/2025,8:08:55 AM,8:09:28 AM,1738678135,401.65
Site 1,Roosevelt_1st_floor_144_North_Sensor,B0-B3-53-D1-76-35,Smoking,2/04/2025,8:09:21 AM,8:09:52 AM,1738678161,44.13
Site 1,Roosevelt_1st_floor_144_North_Sensor,B0-B3-53-D1-76-35,Vape,2/04/2025,8:11:20 AM,8:11:50 AM,1738678280,107.58
Site 1,Roosevelt_1st_floor_144_North_Sensor,B0-B3-53-D1-76-35,Vape,2/04/2025,8:11:58 AM,8:12:28 AM,1738678318,46.46
Site 1,Roosevelt_1st_floor_144_North_Sensor,B0-B3-53-D1-76-35,Vape,2/04/2025,8:15:25 AM,8:15:55 AM,1738678525,95.75
Site 1,Roosevelt_1st_floor_144_North_Sensor,B0-B3-53-D1-76-35,Vape,2/04/2025,8:23:52 AM,8:24:31 AM,1738679032,128.93
Site 1,Roosevelt_1st_floor_144_North_Sensor,B0-B3-53-D1-76-35,Smoking,2/04/2025,8:24:18 AM,8:24:49 AM,1738679058,192.27
Site 1,Roosevelt_1st_floor_144_North_Sensor,B0-B3-53-D1-76-35,Masking,2/04/2025,8:26:00 AM,8:26:30 AM,1738679160,66.52
Site 1,Roosevelt_1st_floor_144_North_Sensor,B0-B3-53-D1-76-35,Vape,2/04/2025,8:31:38 AM,8:32:08 AM,1738679498,123.38
Site 1,Roosevelt_1st_floor_144_North_Sensor,B0-B3-53-D1-76-35,Vape,2/04/2025,8:34:17 AM,8:34:47 AM,1738679657,152.98
Site 1,Roosevelt_1st_floor_144_North_Sensor,B0-B3-53-D1-76-35,Vape,2/04/2025,8:43:44 AM,8:44:14 AM,1738680224,82.7
Site 1,Roosevelt_1st_floor_144_North_Sensor,B0-B3-53-D1-76-35,Vape,2/04/2025,12:18:54 PM,12:19:24 PM,1738693134,37.9
Site 1,Roosevelt_1st_floor_144_North_Sensor,B0-B3-53-D1-76-35,Vape,2/04/2025,3:19:32 PM,3:20:02 PM,1738703972,80.33
Site 1,Roosevelt_1st_floor_144_South__Sensor,B0-B3-53-D1-29-50,Vape,1/31/2025,2:28:21 PM,2:28:51 PM,1738355301,65.69
Site 1,Roosevelt_1st_floor_144_South__Sensor,B0-B3-53-D1-29-50,Vape,1/31/2025,2:29:53 PM,2:30:23 PM,1738355393,46.47
Site 1,Roosevelt_1st_floor_144_South__Sensor,B0-B3-53-D1-29-50,Vape,1/31/2025,2:30:39 PM,2:31:09 PM,1738355439,126.55
Site 1,Roosevelt_1st_floor_144_South__Sensor,B0-B3-53-D1-29-50,Vape,1/31/2025,2:31:38 PM,2:32:09 PM,1738355498,111.69
Site 1,Roosevelt_1st_floor_144_South__Sensor,B0-B3-53-D1-29-50,Vape,1/31/2025,5:22:24 PM,5:22:54 PM,1738365744,886.97
Site 1,Roosevelt_1st_floor_144_South__Sensor,B0-B3-53-D1-29-50,Smoking,1/31/2025,5:22:50 PM,5:23:20 PM,1738365770,-46.43
Site 1,Roosevelt_1st_floor_144_South__Sensor,B0-B3-53-D1-29-50,Vape,1/31/2025,5:35:45 PM,5:36:15 PM,1738366545,50.52
Site 1,Roosevelt_1st_floor_144_South__Sensor,B0-B3-53-D1-29-50,Vape,2/03/2025,8:18:01 AM,8:18:31 AM,1738592281,95.6
Site 1,Roosevelt_1st_floor_144_South__Sensor,B0-B3-53-D1-29-50,Vape,2/03/2025,8:37:15 AM,8:37:55 AM,1738593435,53.98
Site 1,Roosevelt_1st_floor_144_South__Sensor,B0-B3-53-D1-29-50,Vape,2/03/2025,8:38:02 AM,8:38:32 AM,1738593482,315.79
Site 1,Roosevelt_1st_floor_144_South__Sensor,B0-B3-53-D1-29-50,Smoking,2/03/2025,8:38:03 AM,8:38:33 AM,1738593483,356.51
Site 1,Roosevelt_1st_floor_144_South__Sensor,B0-B3-53-D1-29-50,Vape,2/03/2025,8:39:09 AM,8:39:39 AM,1738593549,1225.48
Site 1,Roosevelt_1st_floor_144_South__Sensor,B0-B3-53-D1-29-50,Smoking,2/03/2025,8:39:33 AM,8:40:03 AM,1738593573,49.9
Site 1,Roosevelt_1st_floor_144_South__Sensor,B0-B3-53-D1-29-50,Smoking,2/03/2025,8:40:05 AM,8:40:35 AM,1738593605,-461.71
Site 1,Roosevelt_1st_floor_144_South__Sensor,B0-B3-53-D1-29-50,Vape,2/03/2025,9:06:18 AM,9:06:48 AM,1738595178,36.38
Site 1,Roosevelt_1st_floor_144_South__Sensor,B0-B3-53-D1-29-50,Vape,2/03/2025,9:28:46 AM,9:29:16 AM,1738596526,64.22
Site 1,Roosevelt_1st_floor_144_South__Sensor,B0-B3-53-D1-29-50,Vape,2/03/2025,11:13:11 AM,11:13:41 AM,1738602791,35.61
Site 1,Roosevelt_1st_floor_144_South__Sensor,B0-B3-53-D1-29-50,Vape,2/03/2025,12:41:25 PM,12:41:55 PM,1738608085,78.99
Site 1,Roosevelt_1st_floor_144_South__Sensor,B0-B3-53-D1-29-50,Vape,2/03/2025,12:45:43 PM,12:46:19 PM,1738608343,65.71
Site 1,Roosevelt_1st_floor_144_South__Sensor,B0-B3-53-D1-29-50,Smoking,2/03/2025,12:46:17 PM,12:46:47 PM,1738608377,119.4
Site 1,Roosevelt_1st_floor_144_South__Sensor,B0-B3-53-D1-29-50,Vape,2/03/2025,12:48:14 PM,12:48:44 PM,1738608494,171.86
Site 1,Roosevelt_1st_floor_144_South__Sensor,B0-B3-53-D1-29-50,Vape,2/03/2025,12:59:19 PM,12:59:49 PM,1738609159,74.03
Site 1,Roosevelt_1st_floor_144_South__Sensor,B0-B3-53-D1-29-50,Vape,2/03/2025,1:00:55 PM,1:01:25 PM,1738609255,47.46
Site 1,Roosevelt_1st_floor_144_South__Sensor,B0-B3-53-D1-29-50,Vape,2/03/2025,1:34:28 PM,1:34:58 PM,1738611268,50.91
Site 1,Roosevelt_1st_floor_144_South__Sensor,B0-B3-53-D1-29-50,Vape,2/03/2025,1:35:35 PM,1:36:05 PM,1738611335,60.82
Site 1,Roosevelt_1st_floor_144_South__Sensor,B0-B3-53-D1-29-50,Vape,2/03/2025,1:37:33 PM,1:38:03 PM,1738611453,94.15
Site 1,Roosevelt_1st_floor_144_South__Sensor,B0-B3-53-D1-29-50,Vape,2/03/2025,1:54:02 PM,1:54:32 PM,1738612442,67.99
Site 1,Roosevelt_1st_floor_144_South__Sensor,B0-B3-53-D1-29-50,Vape,2/03/2025,1:54:54 PM,1:55:24 PM,1738612494,152.36
Site 1,Roosevelt_1st_floor_144_South__Sensor,B0-B3-53-D1-29-50,Vape,2/03/2025,2:25:29 PM,2:26:06 PM,1738614329,186.43
Site 1,Roosevelt_1st_floor_144_South__Sensor,B0-B3-53-D1-29-50,Smoking,2/03/2025,2:26:22 PM,2:26:52 PM,1738614382,-96.61
Site 1,Roosevelt_1st_floor_144_South__Sensor,B0-B3-53-D1-29-50,Vape,2/03/2025,2:26:46 PM,2:27:16 PM,1738614406,108.1
Site 1,Roosevelt_1st_floor_144_South__Sensor,B0-B3-53-D1-29-50,Vape,2/03/2025,2:28:29 PM,2:28:59 PM,1738614509,53.32
Site 1,Roosevelt_1st_floor_144_South__Sensor,B0-B3-53-D1-29-50,Vape,2/04/2025,8:03:21 AM,8:03:51 AM,1738677801,82.35
Site 1,Roosevelt_1st_floor_144_South__Sensor,B0-B3-53-D1-29-50,Vape,2/04/2025,8:05:12 AM,8:05:42 AM,1738677912,164.41
Site 1,Roosevelt_1st_floor_144_South__Sensor,B0-B3-53-D1-29-50,Vape,2/04/2025,8:09:03 AM,8:09:57 AM,1738678143,86.22
Site 1,Roosevelt_1st_floor_144_South__Sensor,B0-B3-53-D1-29-50,Smoking,2/04/2025,8:09:33 AM,8:10:03 AM,1738678173,54.14
Site 1,Roosevelt_1st_floor_144_South__Sensor,B0-B3-53-D1-29-50,Vape,2/04/2025,8:10:27 AM,8:10:57 AM,1738678227,168.89
Site 1,Roosevelt_1st_floor_144_South__Sensor,B0-B3-53-D1-29-50,Smoking,2/04/2025,8:11:02 AM,8:11:32 AM,1738678262,-80.98
Site 1,Roosevelt_1st_floor_144_South__Sensor,B0-B3-53-D1-29-50,Vape,2/04/2025,8:12:22 AM,8:12:52 AM,1738678342,248.56
Site 1,Roosevelt_1st_floor_144_South__Sensor,B0-B3-53-D1-29-50,Smoking,2/04/2025,8:12:49 AM,8:13:19 AM,1738678369,-240.6
Site 1,Roosevelt_1st_floor_144_South__Sensor,B0-B3-53-D1-29-50,Vape,2/04/2025,8:14:36 AM,8:15:46 AM,1738678476,44.35
Site 1,Roosevelt_1st_floor_144_South__Sensor,B0-B3-53-D1-29-50,Smoking,2/04/2025,8:15:47 AM,8:16:17 AM,1738678547,13.11
Site 1,Roosevelt_1st_floor_144_South__Sensor,B0-B3-53-D1-29-50,Vape,2/04/2025,8:19:41 AM,8:20:11 AM,1738678781,44.35
Site 1,Roosevelt_1st_floor_144_South__Sensor,B0-B3-53-D1-29-50,Vape,2/04/2025,8:22:45 AM,8:23:15 AM,1738678965,96.45
Site 1,Roosevelt_1st_floor_144_South__Sensor,B0-B3-53-D1-29-50,Vape,2/04/2025,8:23:22 AM,8:24:05 AM,1738679002,42.9
Site 1,Roosevelt_1st_floor_144_South__Sensor,B0-B3-53-D1-29-50,Smoking,2/04/2025,8:23:55 AM,8:24:25 AM,1738679035,1130.67
Site 1,Roosevelt_1st_floor_144_South__Sensor,B0-B3-53-D1-29-50,Vape,2/04/2025,8:34:16 AM,8:34:46 AM,1738679656,56.38
Site 1,Roosevelt_1st_floor_144_South__Sensor,B0-B3-53-D1-29-50,Vape,2/04/2025,8:42:28 AM,8:42:58 AM,1738680148,929.66
Site 1,Roosevelt_1st_floor_144_South__Sensor,B0-B3-53-D1-29-50,Smoking,2/04/2025,8:42:53 AM,8:43:23 AM,1738680173,448.36
Site 1,Roosevelt_1st_floor_144_South__Sensor,B0-B3-53-D1-29-50,Vape,2/04/2025,8:43:29 AM,8:43:59 AM,1738680209,329.68
Site 1,Roosevelt_1st_floor_144_South__Sensor,B0-B3-53-D1-29-50,Smoking,2/04/2025,8:43:56 AM,8:44:26 AM,1738680236,-372.5
Site 1,Roosevelt_1st_floor_144_South__Sensor,B0-B3-53-D1-29-50,Vape,2/04/2025,8:44:06 AM,8:44:36 AM,1738680246,193.18
Site 1,Roosevelt_1st_floor_144_South__Sensor,B0-B3-53-D1-29-50,Smoking,2/04/2025,8:44:35 AM,8:45:05 AM,1738680275,-318.52
Site 1,Roosevelt_1st_floor_144_South__Sensor,B0-B3-53-D1-29-50,Vape,2/04/2025,9:22:39 AM,9:23:09 AM,1738682559,303.56
Site 1,Roosevelt_1st_floor_144_South__Sensor,B0-B3-53-D1-29-50,Smoking,2/04/2025,9:23:07 AM,9:23:37 AM,1738682587,-96.62
Site 1,Roosevelt_1st_floor_144_South__Sensor,B0-B3-53-D1-29-50,Vape,2/04/2025,9:25:02 AM,9:25:36 AM,1738682702,46.21
Site 1,Roosevelt_1st_floor_144_South__Sensor,B0-B3-53-D1-29-50,Vape,2/04/2025,9:26:19 AM,9:26:49 AM,1738682779,86.2
Site 1,Roosevelt_1st_floor_144_South__Sensor,B0-B3-53-D1-29-50,Vape,2/04/2025,9:29:06 AM,9:29:46 AM,1738682946,47.17
Site 1,Roosevelt_1st_floor_144_South__Sensor,B0-B3-53-D1-29-50,Vape,2/04/2025,9:29:53 AM,9:30:23 AM,1738682993,407.84
Site 1,Roosevelt_1st_floor_144_South__Sensor,B0-B3-53-D1-29-50,Vape,2/04/2025,9:31:46 AM,9:32:40 AM,1738683106,64.39
Site 1,Roosevelt_1st_floor_144_South__Sensor,B0-B3-53-D1-29-50,Smoking,2/04/2025,9:32:25 AM,9:32:55 AM,1738683145,272.6
Site 1,Roosevelt_1st_floor_144_South__Sensor,B0-B3-53-D1-29-50,Vape,2/04/2025,9:35:48 AM,9:36:18 AM,1738683348,69.06
Site 1,Roosevelt_1st_floor_144_South__Sensor,B0-B3-53-D1-29-50,Vape,2/04/2025,10:20:51 AM,10:21:21 AM,1738686051,39.94
Site 1,Roosevelt_1st_floor_144_South__Sensor,B0-B3-53-D1-29-50,Vape,2/04/2025,11:12:20 AM,11:12:50 AM,1738689140,44.77
Site 1,Roosevelt_1st_floor_144_South__Sensor,B0-B3-53-D1-29-50,Vape,2/04/2025,11:12:53 AM,11:13:23 AM,1738689173,49.12
Site 1,Roosevelt_1st_floor_144_South__Sensor,B0-B3-53-D1-29-50,Vape,2/04/2025,11:45:27 AM,11:45:57 AM,1738691127,76.87
Site 1,Roosevelt_1st_floor_144_South__Sensor,B0-B3-53-D1-29-50,Vape,2/04/2025,12:19:30 PM,12:20:00 PM,1738693170,233.1
Site 1,Roosevelt_1st_floor_144_South__Sensor,B0-B3-53-D1-29-50,Masking,2/04/2025,5:19:56 PM,5:20:26 PM,1738711196,112.22
Site 1,Roosevelt_1st_Floor_Boys_156_North_Sensor,B0-B3-53-D1-78-A0,Vape,1/31/2025,2:28:36 PM,2:29:06 PM,1738355316,35.62
Site 1,Roosevelt_1st_Floor_Boys_156_North_Sensor,B0-B3-53-D1-78-A0,Vape,1/31/2025,2:29:43 PM,2:30:13 PM,1738355383,103.63
Site 1,Roosevelt_1st_Floor_Boys_156_North_Sensor,B0-B3-53-D1-78-A0,Vape,2/03/2025,8:47:28 AM,8:47:58 AM,1738594048,158.46
Site 1,Roosevelt_1st_Floor_Boys_156_North_Sensor,B0-B3-53-D1-78-A0,Vape,2/03/2025,10:10:49 AM,10:11:22 AM,1738599049,75.92
Site 1,Roosevelt_1st_Floor_Boys_156_North_Sensor,B0-B3-53-D1-78-A0,Vape,2/03/2025,10:33:34 AM,10:34:04 AM,1738600414,715.74
Site 1,Roosevelt_1st_Floor_Boys_156_North_Sensor,B0-B3-53-D1-78-A0,Smoking,2/03/2025,10:33:59 AM,10:34:29 AM,1738600439,-20.57
Site 1,Roosevelt_1st_Floor_Boys_156_North_Sensor,B0-B3-53-D1-78-A0,Vape,2/03/2025,10:34:20 AM,10:34:50 AM,1738600460,146.5
Site 1,Roosevelt_1st_Floor_Boys_156_North_Sensor,B0-B3-53-D1-78-A0,Smoking,2/03/2025,10:34:46 AM,10:35:16 AM,1738600486,-111.26
Site 1,Roosevelt_1st_Floor_Boys_156_North_Sensor,B0-B3-53-D1-78-A0,Vape,2/03/2025,10:38:55 AM,10:40:03 AM,1738600735,53.42
Site 1,Roosevelt_1st_Floor_Boys_156_North_Sensor,B0-B3-53-D1-78-A0,Vape,2/03/2025,10:54:04 AM,10:54:34 AM,1738601644,37.83
Site 1,Roosevelt_1st_Floor_Boys_156_North_Sensor,B0-B3-53-D1-78-A0,Vape,2/03/2025,10:57:44 AM,10:58:14 AM,1738601864,71.28
Site 1,Roosevelt_1st_Floor_Boys_156_North_Sensor,B0-B3-53-D1-78-A0,Vape,2/03/2025,11:34:57 AM,11:35:27 AM,1738604097,46.66
Site 1,Roosevelt_1st_Floor_Boys_156_North_Sensor,B0-B3-53-D1-78-A0,Vape,2/03/2025,11:47:52 AM,11:48:22 AM,1738604872,61.59
Site 1,Roosevelt_1st_Floor_Boys_156_North_Sensor,B0-B3-53-D1-78-A0,Vape,2/03/2025,11:57:32 AM,11:58:02 AM,1738605452,41.05
Site 1,Roosevelt_1st_Floor_Boys_156_North_Sensor,B0-B3-53-D1-78-A0,Vape,2/03/2025,12:03:27 PM,12:03:57 PM,1738605807,309.72
Site 1,Roosevelt_1st_Floor_Boys_156_North_Sensor,B0-B3-53-D1-78-A0,Smoking,2/03/2025,12:03:53 PM,12:04:23 PM,1738605833,13.59
Site 1,Roosevelt_1st_Floor_Boys_156_North_Sensor,B0-B3-53-D1-78-A0,Vape,2/03/2025,12:26:21 PM,12:26:57 PM,1738607181,37.25
Site 1,Roosevelt_1st_Floor_Boys_156_North_Sensor,B0-B3-53-D1-78-A0,Vape,2/03/2025,1:32:34 PM,1:33:04 PM,1738611154,57.81
Site 1,Roosevelt_1st_Floor_Boys_156_North_Sensor,B0-B3-53-D1-78-A0,Vape,2/03/2025,2:06:27 PM,2:06:57 PM,1738613187,42.1
Site 1,Roosevelt_1st_Floor_Boys_156_North_Sensor,B0-B3-53-D1-78-A0,Vape,2/03/2025,2:20:40 PM,2:21:10 PM,1738614040,41.18
Site 1,Roosevelt_1st_Floor_Boys_156_North_Sensor,B0-B3-53-D1-78-A0,Smoking,2/03/2025,2:21:12 PM,2:21:42 PM,1738614072,-195.9
Site 1,Roosevelt_1st_Floor_Boys_156_North_Sensor,B0-B3-53-D1-78-A0,Vape,2/03/2025,2:21:53 PM,2:22:35 PM,1738614113,43.51
Site 1,Roosevelt_1st_Floor_Boys_156_North_Sensor,B0-B3-53-D1-78-A0,Vape,2/03/2025,3:40:02 PM,3:40:32 PM,1738618802,513.3
Site 1,Roosevelt_1st_Floor_Boys_156_North_Sensor,B0-B3-53-D1-78-A0,Smoking,2/03/2025,3:40:28 PM,3:40:58 PM,1738618828,-64.1
Site 1,Roosevelt_1st_Floor_Boys_156_North_Sensor,B0-B3-53-D1-78-A0,Vape,2/03/2025,3:40:59 PM,3:41:29 PM,1738618859,78.7
Site 1,Roosevelt_1st_Floor_Boys_156_North_Sensor,B0-B3-53-D1-78-A0,Vape,2/04/2025,10:45:39 AM,10:46:12 AM,1738687539,148.94
Site 1,Roosevelt_1st_Floor_Boys_156_North_Sensor,B0-B3-53-D1-78-A0,Vape,2/04/2025,10:54:49 AM,10:55:19 AM,1738688089,46.96
Site 1,Roosevelt_1st_Floor_Boys_156_North_Sensor,B0-B3-53-D1-78-A0,Vape,2/04/2025,10:55:29 AM,10:55:59 AM,1738688129,83.47
Site 1,Roosevelt_1st_Floor_Boys_156_North_Sensor,B0-B3-53-D1-78-A0,Vape,2/04/2025,10:58:04 AM,10:58:34 AM,1738688284,57.85
Site 1,Roosevelt_1st_Floor_Boys_156_North_Sensor,B0-B3-53-D1-78-A0,Vape,2/04/2025,11:12:36 AM,11:13:14 AM,1738689156,84.98
Site 1,Roosevelt_1st_Floor_Boys_156_North_Sensor,B0-B3-53-D1-78-A0,Vape,2/04/2025,11:14:35 AM,11:15:05 AM,1738689275,54.76
Site 1,Roosevelt_1st_Floor_Boys_156_North_Sensor,B0-B3-53-D1-78-A0,Vape,2/04/2025,11:28:28 AM,11:28:58 AM,1738690108,49.49
Site 1,Roosevelt_1st_Floor_Boys_156_North_Sensor,B0-B3-53-D1-78-A0,Vape,2/04/2025,11:29:09 AM,11:29:39 AM,1738690149,35.29
Site 1,Roosevelt_1st_Floor_Boys_156_North_Sensor,B0-B3-53-D1-78-A0,Vape,2/04/2025,12:20:19 PM,12:20:49 PM,1738693219,54.92
Site 1,Roosevelt_1st_Floor_Boys_156_North_Sensor,B0-B3-53-D1-78-A0,Vape,2/04/2025,12:23:45 PM,12:24:15 PM,1738693425,39.37
Site 1,Roosevelt_1st_Floor_Boys_156_North_Sensor,B0-B3-53-D1-78-A0,Vape,2/04/2025,12:28:46 PM,12:29:16 PM,1738693726,39.61
Site 1,Roosevelt_1st_Floor_Boys_156_North_Sensor,B0-B3-53-D1-78-A0,Vape,2/04/2025,12:38:34 PM,12:39:04 PM,1738694314,149.39
Site 1,Roosevelt_1st_Floor_Boys_156_North_Sensor,B0-B3-53-D1-78-A0,Vape,2/04/2025,12:40:09 PM,12:40:39 PM,1738694409,49.92
Site 1,Roosevelt_1st_Floor_Boys_156_North_Sensor,B0-B3-53-D1-78-A0,Vape,2/04/2025,12:53:45 PM,12:54:15 PM,1738695225,181.65
Site 1,Roosevelt_1st_Floor_Boys_156_North_Sensor,B0-B3-53-D1-78-A0,Smoking,2/04/2025,12:54:27 PM,12:54:57 PM,1738695267,-28.64
Site 1,Roosevelt_1st_Floor_Boys_156_North_Sensor,B0-B3-53-D1-78-A0,Vape,2/04/2025,12:56:46 PM,12:57:16 PM,1738695406,49.09
Site 1,Roosevelt_1st_Floor_Boys_156_North_Sensor,B0-B3-53-D1-78-A0,Vape,2/04/2025,1:31:04 PM,1:31:34 PM,1738697464,35.53
Site 1,Roosevelt_1st_Floor_Boys_156_North_Sensor,B0-B3-53-D1-78-A0,Vape,2/04/2025,1:32:34 PM,1:33:04 PM,1738697554,75.06
Site 1,Roosevelt_1st_Floor_Boys_156_North_Sensor,B0-B3-53-D1-78-A0,Vape,2/04/2025,1:33:53 PM,1:34:36 PM,1738697633,146.05
Site 1,Roosevelt_1st_Floor_Boys_156_North_Sensor,B0-B3-53-D1-78-A0,Smoking,2/04/2025,1:34:44 PM,1:35:14 PM,1738697684,-204.86
Site 1,Roosevelt_1st_Floor_Boys_156_North_Sensor,B0-B3-53-D1-78-A0,Vape,2/04/2025,1:35:04 PM,1:35:34 PM,1738697704,401.55
Site 1,Roosevelt_1st_Floor_Boys_156_North_Sensor,B0-B3-53-D1-78-A0,Smoking,2/04/2025,1:35:28 PM,1:35:58 PM,1738697728,15.82
Site 1,Roosevelt_1st_Floor_Boys_156_North_Sensor,B0-B3-53-D1-78-A0,Vape,2/04/2025,1:39:07 PM,1:39:37 PM,1738697947,36.28
Site 1,Roosevelt_1st_Floor_Boys_156_North_Sensor,B0-B3-53-D1-78-A0,Vape,2/04/2025,1:41:36 PM,1:42:06 PM,1738698096,149.1
Site 1,Roosevelt_1st_Floor_Boys_156_North_Sensor,B0-B3-53-D1-78-A0,Vape,2/04/2025,1:46:56 PM,1:47:26 PM,1738698416,90.93
Site 1,Roosevelt_1st_Floor_Boys_156_North_Sensor,B0-B3-53-D1-78-A0,Vape,2/04/2025,2:27:25 PM,2:27:55 PM,1738700845,53.62
Site 1,Roosevelt_1st_Floor_Boys_156_South_Sensor,B0-B3-53-D1-29-41,Vape,2/03/2025,11:12:40 AM,11:13:10 AM,1738602760,43.6
Site 1,Roosevelt_1st_Floor_Boys_156_South_Sensor,B0-B3-53-D1-29-41,Vape,2/03/2025,11:14:55 AM,11:15:25 AM,1738602895,50.51
Site 1,Roosevelt_1st_Floor_Boys_156_South_Sensor,B0-B3-53-D1-29-41,Vape,2/03/2025,11:16:42 AM,11:17:12 AM,1738603002,60.45
Site 1,Roosevelt_1st_Floor_Boys_156_South_Sensor,B0-B3-53-D1-29-41,Vape,2/03/2025,12:04:24 PM,12:04:54 PM,1738605864,119.44
Site 1,Roosevelt_1st_Floor_Boys_156_South_Sensor,B0-B3-53-D1-29-41,Vape,2/03/2025,1:32:18 PM,1:32:51 PM,1738611138,319.79
Site 1,Roosevelt_1st_Floor_Boys_156_South_Sensor,B0-B3-53-D1-29-41,Vape,2/03/2025,1:32:59 PM,1:33:29 PM,1738611179,134.58
Site 1,Roosevelt_1st_Floor_Boys_156_South_Sensor,B0-B3-53-D1-29-41,Smoking,2/03/2025,1:33:00 PM,1:33:30 PM,1738611180,244.06
Site 1,Roosevelt_1st_Floor_Boys_156_South_Sensor,B0-B3-53-D1-29-41,Vape,2/03/2025,1:33:48 PM,1:34:18 PM,1738611228,36.17
Site 1,Roosevelt_1st_Floor_Boys_156_South_Sensor,B0-B3-53-D1-29-41,Vape,2/03/2025,2:20:34 PM,2:21:19 PM,1738614034,64.55
Site 1,Roosevelt_1st_Floor_Boys_156_South_Sensor,B0-B3-53-D1-29-41,Vape,2/03/2025,2:21:47 PM,2:22:23 PM,1738614107,203.27
Site 1,Roosevelt_1st_Floor_Boys_156_South_Sensor,B0-B3-53-D1-29-41,Smoking,2/03/2025,2:22:15 PM,2:23:28 PM,1738614135,197.4
Site 1,Roosevelt_1st_Floor_Boys_156_South_Sensor,B0-B3-53-D1-29-41,Vape,2/03/2025,2:22:29 PM,2:23:14 PM,1738614149,229.14
Site 1,Roosevelt_1st_Floor_Boys_156_South_Sensor,B0-B3-53-D1-29-41,Vape,2/04/2025,10:46:10 AM,10:46:40 AM,1738687570,282.26
Site 1,Roosevelt_1st_Floor_Boys_156_South_Sensor,B0-B3-53-D1-29-41,Smoking,2/04/2025,10:46:37 AM,10:47:07 AM,1738687597,-93.17
Site 1,Roosevelt_1st_Floor_Boys_156_South_Sensor,B0-B3-53-D1-29-41,Vape,2/04/2025,11:12:33 AM,11:13:03 AM,1738689153,51.46
Site 1,Roosevelt_1st_Floor_Boys_156_South_Sensor,B0-B3-53-D1-29-41,Vape,2/04/2025,11:15:40 AM,11:16:10 AM,1738689340,44.97
Site 1,Roosevelt_1st_Floor_Boys_156_South_Sensor,B0-B3-53-D1-29-41,Vape,2/04/2025,11:28:54 AM,11:29:24 AM,1738690134,70.57
Site 1,Roosevelt_1st_Floor_Boys_156_South_Sensor,B0-B3-53-D1-29-41,Vape,2/04/2025,12:21:03 PM,12:21:33 PM,1738693263,274.73
Site 1,Roosevelt_1st_Floor_Boys_156_South_Sensor,B0-B3-53-D1-29-41,Smoking,2/04/2025,12:21:28 PM,12:21:58 PM,1738693288,-23.68
Site 1,Roosevelt_1st_Floor_Boys_156_South_Sensor,B0-B3-53-D1-29-41,Vape,2/04/2025,12:39:06 PM,12:39:36 PM,1738694346,170.05
Site 1,Roosevelt_1st_Floor_Boys_156_South_Sensor,B0-B3-53-D1-29-41,Vape,2/04/2025,1:34:41 PM,1:35:11 PM,1738697681,63.65
Site 1,Roosevelt_1st_Floor_Boys_156_South_Sensor,B0-B3-53-D1-29-41,Vape,2/04/2025,1:35:17 PM,1:35:47 PM,1738697717,46.72
Site 1,Roosevelt_1st_Floor_Boys_156_South_Sensor,B0-B3-53-D1-29-41,Vape,2/04/2025,1:36:17 PM,1:36:47 PM,1738697777,39.17
Site 1,Roosevelt_1st_Floor_Boys_156_South_Sensor,B0-B3-53-D1-29-41,Vape,2/04/2025,1:38:09 PM,1:38:39 PM,1738697889,51.5
Site 1,Roosevelt_1st_Floor_Boys_156_South_Sensor,B0-B3-53-D1-29-41,Vape,2/04/2025,1:40:01 PM,1:40:31 PM,1738698001,36.27
Site 1,Roosevelt_1st_Floor_Boys_156_South_Sensor,B0-B3-53-D1-29-41,Vape,2/04/2025,1:41:04 PM,1:41:34 PM,1738698064,37.06
Site 1,Roosevelt_3rd_Floor_Girls_342_North_Sensor,B0-B3-53-D1-76-CD,Vape,1/31/2025,2:22:30 PM,2:23:01 PM,1738354950,47.91
Site 1,Roosevelt_3rd_Floor_Girls_342_North_Sensor,B0-B3-53-D1-76-CD,Vape,1/31/2025,2:23:48 PM,2:24:18 PM,1738355028,36.59
Site 1,Roosevelt_3rd_Floor_Girls_342_North_Sensor,B0-B3-53-D1-76-CD,Vape,2/03/2025,8:45:11 AM,8:45:41 AM,1738593911,99.81
Site 1,Roosevelt_3rd_Floor_Girls_342_North_Sensor,B0-B3-53-D1-76-CD,Vape,2/03/2025,8:46:10 AM,8:46:40 AM,1738593970,50.18
Site 1,Roosevelt_3rd_Floor_Girls_342_North_Sensor,B0-B3-53-D1-76-CD,Vape,2/03/2025,8:47:38 AM,8:48:08 AM,1738594058,53.08
Site 1,Roosevelt_3rd_Floor_Girls_342_North_Sensor,B0-B3-53-D1-76-CD,Vape,2/03/2025,12:49:25 PM,12:49:55 PM,1738608565,61.76
Site 1,Roosevelt_3rd_Floor_Girls_342_North_Sensor,B0-B3-53-D1-76-CD,Vape,2/03/2025,1:33:56 PM,1:34:26 PM,1738611236,223.93
Site 1,Roosevelt_3rd_Floor_Girls_342_North_Sensor,B0-B3-53-D1-76-CD,Vape,2/03/2025,2:07:48 PM,2:08:18 PM,1738613268,78.93
Site 1,Roosevelt_3rd_Floor_Girls_342_North_Sensor,B0-B3-53-D1-76-CD,Vape,2/03/2025,2:12:17 PM,2:12:48 PM,1738613537,86.66
Site 1,Roosevelt_3rd_Floor_Girls_342_North_Sensor,B0-B3-53-D1-76-CD,Vape,2/03/2025,2:12:57 PM,2:13:28 PM,1738613577,85.41
Site 1,Roosevelt_3rd_Floor_Girls_342_North_Sensor,B0-B3-53-D1-76-CD,Smoking,2/03/2025,2:13:37 PM,2:14:07 PM,1738613617,-524.46
Site 1,Roosevelt_3rd_Floor_Girls_342_North_Sensor,B0-B3-53-D1-76-CD,Vape,2/03/2025,2:14:03 PM,2:14:33 PM,1738613643,142.83
Site 1,Roosevelt_3rd_Floor_Girls_342_North_Sensor,B0-B3-53-D1-76-CD,Vape,2/03/2025,2:15:33 PM,2:16:07 PM,1738613733,111.61
Site 1,Roosevelt_3rd_Floor_Girls_342_North_Sensor,B0-B3-53-D1-76-CD,Smoking,2/03/2025,2:16:09 PM,2:16:39 PM,1738613769,-38.5
Site 1,Roosevelt_3rd_Floor_Girls_342_North_Sensor,B0-B3-53-D1-76-CD,Vape,2/03/2025,2:16:24 PM,2:16:54 PM,1738613784,82.37
Site 1,Roosevelt_3rd_Floor_Girls_342_North_Sensor,B0-B3-53-D1-76-CD,Vape,2/03/2025,2:22:12 PM,2:22:45 PM,1738614132,367.9
Site 1,Roosevelt_3rd_Floor_Girls_342_North_Sensor,B0-B3-53-D1-76-CD,Smoking,2/03/2025,2:22:38 PM,2:23:08 PM,1738614158,96.2
Site 1,Roosevelt_3rd_Floor_Girls_342_North_Sensor,B0-B3-53-D1-76-CD,Vape,2/03/2025,2:24:03 PM,2:24:33 PM,1738614243,220.12
Site 1,Roosevelt_3rd_Floor_Girls_342_North_Sensor,B0-B3-53-D1-76-CD,Smoking,2/03/2025,2:24:31 PM,2:25:01 PM,1738614271,34.69
Site 1,Roosevelt_3rd_Floor_Girls_342_North_Sensor,B0-B3-53-D1-76-CD,Vape,2/04/2025,9:59:31 AM,10:00:01 AM,1738684771,48.74
Site 1,Roosevelt_3rd_Floor_Girls_342_North_Sensor,B0-B3-53-D1-76-CD,Vape,2/04/2025,10:10:49 AM,10:11:27 AM,1738685449,174.77
Site 1,Roosevelt_3rd_Floor_Girls_342_North_Sensor,B0-B3-53-D1-76-CD,Smoking,2/04/2025,10:11:28 AM,10:12:01 AM,1738685488,-4.23
Site 1,Roosevelt_3rd_Floor_Girls_342_North_Sensor,B0-B3-53-D1-76-CD,Vape,2/04/2025,10:11:34 AM,10:12:04 AM,1738685494,246.9
Site 1,Roosevelt_3rd_Floor_Girls_342_North_Sensor,B0-B3-53-D1-76-CD,Vape,2/04/2025,10:16:31 AM,10:17:01 AM,1738685791,39.41
Site 1,Roosevelt_3rd_Floor_Girls_342_North_Sensor,B0-B3-53-D1-76-CD,Vape,2/04/2025,10:25:32 AM,10:26:02 AM,1738686332,45.56
Site 1,Roosevelt_3rd_Floor_Girls_342_North_Sensor,B0-B3-53-D1-76-CD,Vape,2/04/2025,11:40:11 AM,11:40:41 AM,1738690811,64.03
Site 1,Roosevelt_3rd_Floor_Girls_342_North_Sensor,B0-B3-53-D1-76-CD,Vape,2/04/2025,11:41:54 AM,11:42:24 AM,1738690914,71.32
Site 1,Roosevelt_3rd_Floor_Girls_342_North_Sensor,B0-B3-53-D1-76-CD,Vape,2/04/2025,12:16:56 PM,12:17:26 PM,1738693016,190.65
Site 1,Roosevelt_3rd_Floor_Girls_342_North_Sensor,B0-B3-53-D1-76-CD,Vape,2/04/2025,12:18:04 PM,12:18:34 PM,1738693084,38.74
Site 1,Roosevelt_3rd_Floor_Girls_342_North_Sensor,B0-B3-53-D1-76-CD,Vape,2/04/2025,12:33:48 PM,12:34:18 PM,1738694028,168.86
Site 1,Roosevelt_3rd_Floor_Girls_342_North_Sensor,B0-B3-53-D1-76-CD,Smoking,2/04/2025,12:34:14 PM,12:34:44 PM,1738694054,-78.9
Site 1,Roosevelt_3rd_Floor_Girls_342_North_Sensor,B0-B3-53-D1-76-CD,Vape,2/04/2025,12:34:48 PM,12:35:18 PM,1738694088,73.81
Site 1,Roosevelt_3rd_Floor_Girls_342_North_Sensor,B0-B3-53-D1-76-CD,Vape,2/04/2025,12:37:28 PM,12:37:58 PM,1738694248,291.22
Site 1,Roosevelt_3rd_Floor_Girls_342_North_Sensor,B0-B3-53-D1-76-CD,Vape,2/04/2025,12:38:46 PM,12:39:16 PM,1738694326,45.15
Site 1,Roosevelt_3rd_Floor_Girls_342_North_Sensor,B0-B3-53-D1-76-CD,Vape,2/04/2025,12:45:03 PM,12:45:33 PM,1738694703,52.59
Site 1,Roosevelt_3rd_Floor_Girls_342_North_Sensor,B0-B3-53-D1-76-CD,Vape,2/04/2025,12:47:20 PM,12:47:50 PM,1738694840,38.15
Site 1,Roosevelt_3rd_Floor_Girls_342_North_Sensor,B0-B3-53-D1-76-CD,Vape,2/04/2025,1:44:30 PM,1:45:00 PM,1738698270,568.47
Site 1,Roosevelt_3rd_Floor_Girls_342_North_Sensor,B0-B3-53-D1-76-CD,Smoking,2/04/2025,1:44:55 PM,1:45:25 PM,1738698295,-130.45
Site 1,Roosevelt_3rd_Floor_Girls_342_North_Sensor,B0-B3-53-D1-76-CD,Vape,2/04/2025,1:45:23 PM,1:45:53 PM,1738698323,134.51
Site 1,Roosevelt_3rd_Floor_Girls_342_North_Sensor,B0-B3-53-D1-76-CD,Smoking,2/04/2025,1:45:48 PM,1:46:18 PM,1738698348,-121.64
Site 1,Roosevelt_3rd_Floor_Girls_342_North_Sensor,B0-B3-53-D1-76-CD,Vape,2/04/2025,1:47:14 PM,1:47:44 PM,1738698434,736.35
Site 1,Roosevelt_3rd_Floor_Girls_342_North_Sensor,B0-B3-53-D1-76-CD,Smoking,2/04/2025,1:47:39 PM,1:48:09 PM,1738698459,-67.33
Site 1,Roosevelt_3rd_Floor_Girls_342_North_Sensor,B0-B3-53-D1-76-CD,Vape,2/04/2025,1:48:01 PM,1:48:31 PM,1738698481,263.67
Site 1,Roosevelt_3rd_Floor_Girls_342_North_Sensor,B0-B3-53-D1-76-CD,Smoking,2/04/2025,1:48:29 PM,1:48:59 PM,1738698509,-412.03
Site 1,Roosevelt_3rd_Floor_Girls_342_North_Sensor,B0-B3-53-D1-76-CD,Vape,2/04/2025,1:49:16 PM,1:49:46 PM,1738698556,58.39
Site 1,Roosevelt_3rd_Floor_Girls_342_North_Sensor,B0-B3-53-D1-76-CD,Vape,2/04/2025,1:49:52 PM,1:50:22 PM,1738698592,56.03
Site 1,Roosevelt_3rd_Floor_Girls_342_South_Sensor,B0-B3-53-D1-29-5F,Smoking,2/03/2025,8:57:23 AM,8:57:53 AM,1738594643,-108.99
Site 1,Roosevelt_3rd_Floor_Girls_342_South_Sensor,B0-B3-53-D1-29-5F,Smoking,2/04/2025,10:10:15 AM,10:10:50 AM,1738685415,191.13
Site 1,Roosevelt_3rd_Floor_Girls_342_South_Sensor,B0-B3-53-D1-29-5F,Smoking,2/04/2025,10:32:47 AM,10:33:17 AM,1738686767,-8.56
